Province,Practices,CO2e,Act Area,CO2e,Act Area,CO2e,Act Area,CO2e,Act Area,CO2e,Act Area,CO2e,Act Area,CO2e,Act Area,CO2e,Act Area,CO2e,Act Area,CO2e,Act Area,CO2e,Act Area,CO2e,Act Area,CO2e,Act Area,CO2e,Act Area,CO2e,Act Area,CO2e,Act Area,CO2e,Act Area,CO2e,Act Area,CO2e,Act Area,CO2e,Act Area,CO2e,Act Area,CO2e,Act Area,CO2e,Act Area,CO2e,Act Area,CO2e,Act Area,CO2e,Act Area,CO2e,Act Area,CO2e,Act Area,CO2e,Act Area,CO2e,Act Area,CO2e,Act Area,CO2e,Act Area,CO2e,Act Area
AB,Conventional to Reduced,-3.151042,22163.0106,-3.005803,21289.03043,-2.684831,19232.3065,-2.301291,16662.61143,-1.813143,13261.16656,-1.187855,8739.567929,-0.494354,3595.976919,-0.292783,2125.588594,-0.160537,1165.905294,-0.085061,610.7242508,-0.060494,433.1767558,-0.043102,305.2227218,-0.030781,217.0165898,-0.023102,162.5433408,-0.01548,110.4074648,-0.011945,86.81253085,-0.009611,70.82548188,-0.008241,61.68437089,-0.007753,58.9915099,-0.00757,58.6804459,-0.007363,58.43036089,-0.006833,54.66310893,-0.005729,46.18131097,-0.004549,37.18029296,-0.003425,28.35105497,-0.002466,20.58052597,-0.001594,13.07055298,-0.001898,13.48344099,-0.002854,19.67910297,-0.004197,29.12887997,-0.005564,38.88603995,-0.00693,48.84887292,-0.008193,58.60371691
AB,Conventional to Reduced,-193.144489,1103766.144,-200.956713,1157930.199,-221.362519,1266494.867,-240.993548,1373673.365,-260.738455,1483606.144,-279.907778,1593470.543,-298.480416,1702465.718,-300.082858,1733775.364,-301.604055,1764256.089,-302.397722,1786636.863,-302.846011,1806336.733,-301.497869,1808423.987,-292.856398,1780714.813,-284.260881,1751506.856,-275.939093,1722721.022,-267.519751,1690996.818,-260.62128,1674316.255,-252.931785,1639398.791,-245.160128,1601240.89,-238.152874,1569501.509,-230.919093,1533472.897,-224.062791,1499299.678,-215.482447,1460714.961,-207.130054,1422707.379,-199.085134,1385803.543,-190.741204,1343748.134,-182.862077,1304421.934,-175.222588,1263037.29,-167.76132,1221329.702,-159.998328,1173558.42,-152.56499,1127889.669,-145.34212,1083759.128,-139.437192,1051294.462
AB,Conventional to Zero-till,-2.286108,5441.297614,-2.280514,5475.853984,-2.635992,6246.602384,-2.729951,6452.749043,-2.483074,5883.794657,-1.87621,4451.574488,-0.942537,2216.046701,-0.843403,1947.544135,-0.637858,1465.684784,-0.485411,1118.390851,-0.374053,872.3386897,-0.255836,604.2435087,-0.20746,502.2411178,-0.184097,454.3415578,-0.179328,447.3088558,-0.182803,461.8509028,-0.186931,478.8162548,-0.181953,474.9412938,-0.183022,486.5478138,-0.185484,501.9522238,-0.18817,518.0536429,-0.174669,483.6593408,-0.142528,398.3906048,-0.114275,319.8317808,-0.089488,247.9737688,-0.071193,194.6650218,-0.056416,152.4303879,-0.037826,99.0131219,-0.029073,73.67165687,-0.028208,71.56755089,-0.02796,71.26324789,-0.027448,70.88300488,-0.026549,69.58430793
AB,Conventional to Zero-till,-50.514357,109948.9462,-55.788965,123109.8578,-120.156481,232408.8764,-182.66467,341921.1177,-243.590559,451921.0253,-304.044877,563999.2992,-363.272812,677088.9296,-480.748792,891184.9215,-594.929311,1105265.136,-707.065952,1320847.142,-817.631887,1538575.558,-927.953061,1761173.139,-971.936391,1877166.916,-1014.310375,1992991.584,-1055.586977,2108992.115,-1096.594725,2226315.776,-1136.120328,2342984.507,-1176.583821,2462800.475,-1216.111705,2582777.287,-1255.130222,2703600.829,-1291.908901,2822748.531,-1326.382741,2940457.131,-1297.399132,2954405.988,-1268.866919,2967813.638,-1241.389711,2981603.571,-1214.259872,2994768.903,-1187.851605,3007896.184,-1157.829534,3012956.223,-1128.529392,3017900.42,-1099.756059,3022309.278,-1071.810722,3026789.139,-1045.591503,3032680.281,-1019.97447,3038541.574
AB,Reduced to Conventional,0.000039,0.263552,0.000035,0.238671,0.025497,157.7743059,0.047055,294.0927269,0.06466,408.5706059,0.059884,383.6718579,0.039273,257.0844899,0.018398,125.2461659,0.014297,100.32541,0.0102,74.13241396,0.010056,74.12835196,0.009868,74.12429595,0.009761,74.26355696,0.009624,74.38792996,0.009484,74.48662096,0.009344,74.53527196,0.009213,74.57197695,0.009064,74.56791395,0.008918,74.56385195,0.008786,74.55979595,0.008645,74.55573395,0.006071,53.09349494,0.003363,29.74436096,0.0015,13.41535197,0.000377,3.510323,0.00004,0.472111,0.000018,0.29857599,0.000011,0.261267,0.000004,0.237579,,0.222234,,0.215959,,0.219059,,0.273853
AB,Reduced to Conventional,0.00018,1.376448,0.000617,3.501331,0.681303,4307.825694,1.350336,8617.23728,2.008918,12939.63939,2.678081,17405.87815,3.354255,21995.6755,3.324754,22179.15383,3.277495,22243.2346,3.221802,22271.91756,3.164749,22280.83162,3.107212,22282.99569,3.084609,22445.86643,3.049644,22548.55205,3.00119,22596.56334,2.978922,22724.3247,2.969876,22909.55798,2.931689,23002.85206,2.893286,23090.09609,2.848592,23141.47009,2.813558,23238.55416,2.776316,23317.44642,3.401979,25740.64554,3.95379,27867.44456,4.466705,29722.45957,4.911895,31366.18781,5.426253,33392.38131,5.878694,36191.78865,6.323686,39034.15237,6.756484,41996.5377,7.213917,45090.914,7.645247,48173.03081,7.772911,48223.60596
AB,Reduced to Zero-till,-0.002325,9.873866,-0.006212,24.89717897,-0.058592,262.1953808,-0.093439,424.7131948,-0.103499,477.1294178,-0.094667,444.3442859,-0.063042,304.5841809,-0.083243,401.5577129,-0.087021,423.0924148,-0.060202,298.0543779,-0.044126,222.433906,-0.016411,87.31596194,-0.025394,133.8186609,-0.031439,167.1022358,-0.03468,188.8482198,-0.037593,208.7979358,-0.039925,225.7413378,-0.039851,229.9862208,-0.042553,247.2418529,-0.045923,269.9802788,-0.049238,293.1159498,-0.048624,286.0634318,-0.042243,244.8527458,-0.036477,207.7054459,-0.03193,176.6136959,-0.029818,161.1946289,-0.028933,154.7659209,-0.022835,121.3433878,-0.019344,102.4223629,-0.018419,98.75995484,-0.01803,98.11170584,-0.017187,94.31403692,-0.016558,91.48652686
AB,Reduced to Zero-till,-0.138999,467.2287639,-0.183489,610.9529729,-0.709292,2810.881921,-1.215559,5019.913711,-1.695004,7261.646429,-2.271725,9805.926973,-2.884426,12517.13587,-15.817011,57789.57459,-28.469009,103083.5112,-40.752949,148248.5945,-52.490949,192808.7861,-63.556949,235936.6696,-110.130221,405878.4565,-154.72723,573202.4723,-197.947457,739739.2155,-239.600019,904818.1795,-279.921579,1069255.169,-299.702894,1159482.518,-318.763873,1248954.524,-336.871165,1336890.285,-354.002827,1423281.437,-370.052397,1507635.136,-372.245325,1545865.62,-374.533786,1584519.747,-376.882321,1623588.231,-379.710523,1664056.468,-382.199562,1703970.325,-373.739018,1708257.464,-365.152484,1709975.21,-356.697167,1711422.573,-348.581296,1713160.033,-340.477974,1712887.17,-332.401488,1712350.395
AB,Zero-till to Conventional,0.000008,0.01,0.000008,0.01,0.00472,9.97676999,0.007195,15.40656394,0.007779,16.79373799,0.006574,14.36552397,0.003307,7.308077,0.001801,4.092885,,,,,,,,,,,,,,,,,,,,,,,,,,,,,0.000181,0.40629,0.000374,0.83989699,0.000543,1.258905,0.000773,1.796432,0.001053,2.447218,0.002965,7.03479,0.004752,11.528346,0.006514,16.00122499,0.00823,20.44448898,0.009888,24.87448198,0.011425,29.15184696
AB,Zero-till to Conventional,,,,,0.019075,40.17323296,0.039778,84.7634459,0.0614,132.6162679,0.085374,186.6944828,0.11073,245.1619369,0.109566,248.9371298,0.108432,253.0300039,0.105596,253.0300019,0.102862,253.0300089,0.100165,253.0300068,0.149616,333.3500299,0.189986,401.2700288,0.236155,479.9300268,0.276945,551.5700158,0.307984,610.5000078,0.305824,619.8400398,0.319512,653.0200328,0.362657,732.4700228,0.383077,778.5400348,0.434098,872.3700278,1.225273,2169.203751,1.99307,3471.750144,2.72614,4750.841145,3.709526,6439.723603,4.585066,8023.582829,13.627925,22358.52526,22.273786,36480.69174,30.78328,50752.99883,39.076552,65071.45553,47.29,79626.23558,54.862908,93583.61817
AB,Zero-till to Reduced,,,,,0.002419,11.40702399,0.004213,20.23544298,0.005005,24.33829996,0.004679,23.08810198,0.002969,14.84796598,0.001899,9.69099099,,,,,,,,,,,,,,,,,,,,,,,,,,,0.000011,0.049477,0.000322,1.260163,0.000579,2.293403,0.00084,3.41814599,0.001169,4.805136,0.001509,6.268914,0.002705,13.765923,0.003739,20.669599,0.004789,27.47085999,0.005769,34.30484997,0.006683,40.86255194,0.007481,46.90658291
AB,Zero-till to Reduced,0.000151,0.4,0.000147,0.400001,0.005654,25.84297498,0.012514,58.19455697,0.020324,96.1217019,0.030006,142.8819009,0.041472,198.6320197,0.041995,205.0090118,0.043912,217.1499908,0.046742,226.4100048,0.048131,232.5100118,0.047141,232.7000168,0.054813,254.5000128,0.078272,314.3100248,0.087636,340.4299798,0.098182,369.6699888,0.120174,427.7999678,0.131607,469.8099968,0.138839,501.8499928,0.149676,544.3700078,0.16311,594.2900018,0.184086,662.2405238,0.442339,1560.699841,0.661729,2362.366597,0.934009,3344.311875,1.209417,4374.024864,1.489128,5421.631078,10.215252,30729.19405,18.696751,55988.25042,27.25636,82077.81905,35.429659,107729.1151,43.528782,133690.4474,51.056943,158657.8236
AB,Total,-249.236942,1241798.551,-262.220889,1308444.941,-346.869039,1532008.73,-428.537367,1753244.4,-508.255648,1976028.986,-586.518514,2199067.836,-662.585581,2420907.101,-794.369677,2709996.681,-922.443655,2998473.159,-1047.462957,3280585.259,-1170.121722,3562089.527,-1290.058842,3829373.428,-1371.887846,4087721.242,-1450.209598,4341823.42,-1526.36855,4595690.327,-1600.583443,4846608.335,-1673.492407,5111353.744,-1726.070361,5286615.466,-1776.908479,5458085.011,-1827.023527,5635316.105,-1873.707202,5805058.405,-1917.327473,5973121.531,-1880.243947,5991177.954,-1844.075018,6009323.592,-1809.353395,6029274.083,-1774.982256,6045136.955,-1741.49716,6063455.32,-1677.126147,6073785.388,-1614.191749,6080936.635,-1551.694951,6082360.778,-1491.274435,6085993.552,-1432.982562,6091096.295,-1378.152782,6102947.486
BC,Conventional to Reduced,-0.000331,1.678253,-0.000447,2.24192199,-0.000476,2.401126,-0.000543,2.68782,-0.000611,2.993011,-0.000667,3.27600898,-0.000736,3.586309,-0.00081,3.954242,-0.000593,2.896098,-0.000464,2.287759,-0.000478,2.201799,-0.000536,2.293907,-0.001014,4.148772,-0.001434,5.869242,-0.001775,7.223906,-0.002145,8.81381499,-0.002537,10.466254,-0.002908,12.00072099,-0.003186,13.43425399,-0.003326,14.163244,-0.003374,14.67209199,-0.003321,14.779654,-0.003436,15.491982,-0.003478,15.767887,-0.003379,15.60081298,-0.003292,15.381202,-0.002967,13.91410298,-0.002585,12.28607098,-0.002213,10.75066197,-0.001874,9.22129298,-0.001538,7.68562,-0.001171,5.882709,-0.000971,4.898972
BC,Conventional to Reduced,-1.93529,11965.66143,-1.94619,12146.61369,-2.196815,13587.96956,-2.456796,15089.25733,-2.646304,16246.40133,-2.890921,17715.5035,-3.167823,19393.05426,-3.112333,19397.65726,-3.061358,19430.85155,-3.020511,19522.44435,-2.981341,19622.21521,-2.942771,19664.75204,-2.958112,19880.73415,-2.982803,20167.73957,-3.011541,20448.97665,-3.033621,20665.4728,-3.070531,21022.05958,-3.262339,22344.74919,-3.412962,23479.75286,-3.593462,24738.91859,-3.712426,25517.4441,-3.896207,26746.43611,-3.811552,26540.79602,-3.734505,26302.24802,-3.637948,26000.27248,-3.494243,25067.03206,-3.340128,24025.1312,-3.208108,22946.91488,-3.063669,21764.17676,-2.92146,20596.11877,-2.823294,19932.11966,-2.759312,19579.81739,-2.713143,19357.66754
BC,Conventional to Zero-till,-0.000531,2.409601,-0.000712,3.09459499,-0.000713,3.24281299,-0.000716,3.31968399,-0.000726,3.50480499,-0.000722,3.54542799,-0.000716,3.59523198,-0.001068,4.79108598,-0.000974,4.207788,-0.000965,4.02090598,-0.000879,3.323618,-0.000814,2.89957999,-0.001158,4.206124,-0.001413,5.35499799,-0.001479,6.00686999,-0.002815,11.39359899,-0.003111,12.99516897,-0.003004,12.90090798,-0.002922,12.85004898,-0.002852,12.70797698,-0.002742,12.54477898,-0.002646,12.39474898,-0.002758,13.02070797,-0.002749,13.26008995,-0.002658,13.04799394,-0.002436,12.12775897,-0.002045,10.54804597,-0.001722,8.95884898,-0.00146,7.61901398,-0.001219,6.423626,-0.000986,5.210826,-0.000703,3.844316,-0.000501,2.770201
BC,Conventional to Zero-till,-1.466765,2747.238016,-1.557853,2979.505964,-2.367753,4407.201696,-3.186206,5864.46498,-3.811155,7057.013014,-4.488887,8376.33571,-5.14587,9708.596402,-5.205284,10016.82396,-5.222852,10259.61165,-5.309717,10618.935,-5.40891,10999.97237,-5.532295,11426.39563,-5.753867,12092.35621,-5.984646,12743.44311,-6.208129,13403.44912,-6.469666,14155.85127,-6.693205,14832.1278,-7.584306,16615.47931,-8.334424,18234.03655,-9.024044,19732.89439,-9.544852,20985.45331,-10.067983,22294.55965,-10.390243,23330.68386,-10.734785,24338.57141,-10.872165,25027.34301,-11.209901,26073.59029,-11.609065,27160.89657,-11.524236,27476.15647,-11.343138,27660.46684,-11.151896,27817.04483,-10.930134,27917.75159,-10.710888,28011.08473,-10.496865,28123.29026
BC,Reduced to Conventional,0.000052,0.318123,0.000052,0.318123,0.000052,0.3222,0.000052,0.328308,0.000052,0.343217,0.000051,0.368226,0.000058,0.394588,0.000055,0.406472,0.000026,0.286289,0.00003,0.326113,0.00002,0.223444,0.00002,0.204575,0.00002,0.196122,0.00002,0.192288,0.00002,0.187563,0.000071,0.387563,0.000071,0.387563,0.000071,0.464351,0.000082,0.53836,0.000078,0.560214,0.000089,0.666638,0.000149,0.915416,0.000138,0.889452,0.00013,0.846375,0.000124,0.78379,0.0001,0.618349,0.000107,0.569837,0.000095,0.556653,0.000072,0.445335,0.000068,0.405083,0.000068,0.398957,0.000092,0.52668,0.000232,1.081651
BC,Reduced to Conventional,0.005655,22.99187997,0.006009,24.52187494,0.006041,25.09780898,0.006079,25.87171797,0.005994,26.30680796,0.006066,27.32180898,0.006158,28.68546095,0.014604,61.66360997,0.022511,92.95379692,0.036958,155.7039869,0.048083,200.4867279,0.080261,330.915563,0.079993,336.0240219,0.079598,339.5478369,0.078877,341.9225369,0.078145,344.1825789,0.077481,347.2325739,0.077507,352.3758009,0.077399,351.4717739,0.077636,357.7099349,0.077281,357.3335289,0.093609,422.9747269,0.094449,431.7506939,0.09561,441.2037779,0.095507,446.5363549,0.095991,455.4418139,0.098345,473.3103259,0.104583,503.5635359,0.105854,518.9848288,0.121123,590.4250849,0.142329,694.3811998,0.1654,813.3534888,0.16728,832.1085067
BC,Reduced to Zero-till,,0.13843,,0.138368,-0.000026,0.416181,-0.000051,0.600043,-0.000065,0.767872,-0.000081,0.913397,-0.000092,1.059661,-0.000092,1.029211,-0.000084,0.97539699,-0.000081,0.92545799,,0.142054,,0.056983,,0.041024,,0.03516,,0.032698,,0.038081,-0.000008,0.196154,-0.00002,0.253142,-0.000029,0.346584,-0.000049,0.450889,-0.000074,0.64951,-0.000106,0.894189,-0.000206,1.574837,-0.000198,1.618282,-0.000194,1.619894,-0.000148,1.467883,-0.000128,1.29111,-0.00012,1.247157,-0.000101,1.273273,-0.000093,1.31269499,-0.000085,1.25657,-0.000137,1.608879,-0.000103,1.54810699
BC,Reduced to Zero-till,-0.025378,105.1822159,-0.030862,122.0810089,-0.045383,200.0874859,-0.059595,273.8692809,-0.113101,453.9470439,-0.140953,569.5435079,-0.162263,668.0451247,-0.310927,1086.229093,-0.452735,1493.973105,-0.596013,1903.594262,-0.738087,2325.322557,-0.875594,2732.319419,-0.934215,2943.812684,-0.992329,3164.995115,-1.034661,3350.41602,-1.075527,3532.820725,-1.108301,3707.000853,-1.139851,3874.239579,-1.168524,4031.127185,-1.198139,4192.831751,-1.228401,4359.847583,-1.255985,4506.908339,-1.536533,5310.468891,-1.843333,6200.716997,-2.172408,7166.993244,-2.592615,8398.663535,-3.094637,9858.39123,-3.125031,10142.7908,-3.126189,10362.59523,-3.124518,10577.53202,-3.122424,10804.89147,-3.11263,11010.45353,-3.101959,11231.39647
BC,Zero-till to Conventional,0.000004,0.053319,0.000004,0.053319,0.000015,0.090733,0.000022,0.124664,0.000033,0.160582,0.000041,0.193027,0.000041,0.193027,0.000073,0.438798,0.000065,0.469083,0.000075,0.732851,0.000086,0.700093,0.000086,0.650396,0.000078,0.617002,0.000078,0.601497,0.000078,0.588369,0.000151,0.838369,0.000147,0.838369,0.000183,1.041225,0.000183,1.066747,0.000183,1.124979,0.000179,1.176305,0.000167,1.242487,0.00016,1.242487,0.000145,1.220908,0.000152,1.220585,0.000102,0.866771,0.000062,0.516735,0.000044,0.360292,0.000028,0.166405,0.000024,0.136699,0.00002,0.118808,0.000012,0.095288,0.000008,0.061525
BC,Zero-till to Conventional,0.002648,8.68668,0.003153,9.85668299,0.005487,13.81927398,0.008665,18.71534697,0.009997,21.21943295,0.013167,25.86699198,0.013846,28.06698396,0.018304,45.94122395,0.020023,53.92096793,0.021407,61.10718392,0.022395,66.99997692,0.030128,100.4196739,0.03063,106.2330439,0.031051,111.4685419,0.031106,115.0616209,0.03145,119.1716319,0.04601,184.6616599,0.06567,263.5588148,0.077208,312.2232739,0.090472,367.5650519,0.103755,423.6337158,0.119474,490.2075088,0.13029,538.1875019,0.14031,583.3790628,0.144387,606.1593898,0.148607,629.6532018,0.147049,631.8432359,0.229807,807.2396947,0.292299,915.4735547,0.345866,1025.553285,0.400802,1135.681172,0.455537,1253.904686,0.453151,1276.598478
BC,Zero-till to Reduced,,,,,,0.008962,0.000004,0.026523,0.000007,0.037859,0.000011,0.045316,0.000035,0.093897,0.000035,0.128524,0.000035,0.13113,0.000031,0.176674,0.000028,0.219835,0.000024,0.192137,0.000024,0.178617,0.000024,0.178617,0.000024,0.178617,0.000024,0.178617,0.000032,0.274623,0.000032,0.400632,0.00004,0.868812,0.000046,1.269953,0.000046,1.388865,0.000039,1.572018,0.000039,1.572018,0.000035,1.572018,0.000032,1.5573,0.000008,1.426209,0.000008,1.308916,0.000004,1.192509,,1.011425,,0.861485,,0.701479,,0.513292,,0.330379
BC,Zero-till to Reduced,,,,,0.022433,27.24103397,0.045709,54.54346697,0.073723,86.74212098,0.108164,126.644646,0.139006,164.956041,0.13795,175.661425,0.137628,187.63882,0.136595,196.2032859,0.138241,221.700148,0.13857,236.8778369,0.139053,245.3213179,0.141853,268.4813109,0.143583,285.4713119,0.146971,310.9513079,0.158379,403.5253339,0.172082,478.7693258,0.178075,541.1310988,0.182242,574.2500178,0.189064,631.3410868,0.191998,660.6879808,0.193002,686.2079668,0.196236,725.4079608,0.195186,739.3126658,0.19563,761.6037858,0.196728,786.1910838,0.252741,953.4474637,0.316418,1142.078618,0.365328,1284.208479,0.416518,1465.73847,0.465406,1610.556559,0.512726,1766.429418
BC,Total,-3.419936,14854.35795,-3.526846,15288.42554,-4.577138,18267.89888,-5.643376,21333.80916,-6.482156,23899.43709,-7.394731,26849.55757,-8.318356,30000.32699,-8.459493,30794.7249,-8.558308,31527.91567,-8.732655,32466.45783,-8.920842,33443.50783,-9.102921,34497.97774,-9.398568,35613.86908,-9.710001,36807.90729,-10.003897,37959.51528,-10.326962,39150.10035,-10.595573,40521.76593,-11.676883,43956.233,-12.58906,46978.84755,-13.471215,49994.44699,-14.121455,52306.15151,-14.820812,55153.57283,-15.32665,56871.88642,-15.886582,58625.81278,-16.253364,60020.44753,-16.862197,61417.87286,-17.606671,62963.9124,-17.274528,62854.71438,-16.822099,62385.04194,-16.368651,61909.24336,-15.918724,61965.93583,-15.498394,62291.64155,-15.180145,62598.18151
MB,Conventional to Reduced,-122.522265,621476.8099,-126.142041,645338.4392,-126.136076,656122.6219,-126.334648,667789.7698,-126.534537,679435.6134,-126.638053,687919.1193,-126.516346,695007.0518,-129.826714,718347.8259,-133.029633,741363.1175,-135.67286,759623.3002,-138.016199,774682.2825,-140.048353,789155.8412,-139.947642,796258.5833,-139.918087,803650.3519,-139.937432,811603.7266,-139.907717,818965.0587,-139.744694,825124.1576,-139.077986,826521.6556,-138.168772,826789.3409,-137.312677,829140.1572,-136.202276,829341.1272,-134.940681,830129.0371,-130.669111,818893.0643,-126.521693,807806.0162,-122.411131,796041.5526,-118.804613,788731.5075,-115.247272,780873.5544,-119.109581,810843.3305,-123.146362,842224.0583,-126.216031,863833.0148,-128.5467,876797.1584,-130.984323,891007.6799,-133.521377,906333.4447
MB,Conventional to Zero-till,-58.985835,122411.8213,-62.166763,131105.499,-80.182646,159310.8222,-98.168955,188197.4491,-114.740972,215821.7817,-130.988916,243688.0068,-146.845662,271674.8445,-165.690793,304438.2194,-183.916766,337118.3263,-201.521182,369683.0231,-218.632653,402280.4913,-234.947545,434476.5216,-254.705728,473753.0899,-273.569685,512572.6135,-291.972703,551518.4132,-309.836976,590449.0053,-326.047439,627759.1126,-325.769301,641107.6347,-325.066083,653817.821,-324.002508,665949.1817,-322.24709,677053.635,-319.500101,686706.2949,-310.503539,687134.4836,-301.77294,687563.9917,-293.32029,688027.3025,-285.120617,688499.2433,-277.168431,688981.3704,-290.311066,723228.7412,-303.445977,758013.4636,-316.490688,793222.739,-329.411863,828819.2434,-342.497658,865196.234,-355.933711,902631.1868
MB,Reduced to Conventional,,,,,2.437395,13980.11999,5.028655,29229.99002,7.510742,44248.91997,9.971085,59463.38998,12.358026,74568.19995,12.322608,75613.64994,12.284869,76645.55006,12.254007,77700.58998,12.191004,78627.26996,12.174705,79728.85996,11.986277,80080.18992,11.800587,80420.25991,11.631535,80823.56997,11.462329,81207.00997,11.296417,81533.39998,11.074599,81672.5401,10.860184,81832.76011,10.64889,81979.23012,10.447604,82160.60997,10.245596,82331.81004,10.598921,85399.32001,10.943842,88544.53007,11.299136,91777.12006,10.620993,83657.82993,9.810436,74115.39995,8.462545,61688.00001,7.129446,49116.39003,5.83033,36622.32007,5.655738,36253.42003,5.484199,35871.26007,5.315555,35470.61009
MB,Reduced to Zero-till,-0.185422,506.4734819,-0.25224,801.2485759,-1.691859,5060.014325,-3.343783,9763.291531,-4.918969,14381.57788,-6.541723,19179.1634,-8.024906,23721.80126,-10.08391,30330.98597,-12.039337,36811.63746,-13.933248,43271.84118,-15.776096,49735.60978,-17.570026,56209.18607,-23.127762,73499.42522,-28.712457,91245.8681,-34.06551,108825.4208,-39.281979,126435.3987,-44.538955,144529.3889,-45.759581,152671.156,-46.637848,159912.6254,-47.290374,166509.1857,-47.819195,172802.2594,-48.472007,179466.7752,-47.865285,182630.4862,-47.321101,185954.2377,-46.804819,189320.6448,-46.293048,192531.0106,-45.780622,195521.4004,-49.066116,208575.9944,-52.266514,221656.4028,-55.488035,235078.1498,-58.694632,248736.2431,-61.855977,262613.5687,-64.985669,276685.5658
MB,Zero-till to Conventional,,,,,0.07096,152.489995,0.170764,349.890004,0.235636,494.51001,0.309814,665.970015,0.385759,845.189993,0.610785,1338.410007,0.817199,1812.519992,1.016578,2284.619988,1.214191,2762.680048,1.439017,3319.750117,1.485317,3475.140127,1.531196,3631.980132,1.575854,3789.17012,1.61992,3947.38014,1.654304,4087.700136,1.872168,4477.710119,2.022383,4777.190145,2.107067,4986.470145,2.132257,5110.830102,2.233823,5350.150117,4.874031,9597.500097,7.67231,14164.80013,10.711755,19177.49019,13.893719,24497.85022,17.03026,29875.16023,16.538417,29876.59026,16.061375,29878.64021,15.599467,29881.8902,15.151292,29886.67024,14.715838,29891.0002,14.290251,29891.00019
MB,Zero-till to Reduced,,,,,0.001151,2.539998,0.011972,32.00000298,0.030874,84.23000298,0.046474,129.440008,0.065933,186.050008,0.556719,2960.04998,1.067506,5819.690051,1.584404,8932.160051,2.075072,11800.70007,2.730418,15570.69006,2.669998,15579.80004,2.611401,15589.86006,2.554534,15601.54003,2.500408,15616.71005,2.459419,15656.41006,3.000011,17313.14006,3.595464,19181.67003,4.17909,21064.5601,4.761751,22988.40015,5.218995,24642.19018,10.80104,41488.05013,16.318655,58601.65017,21.723008,75835.4102,27.096087,93418.76026,32.505504,111524.5803,31.724109,111755.0303,30.963452,111985.0803,30.225924,112218.0902,29.509947,112455.4102,28.586051,110188.2903,27.689732,107922.9403
MB,Total,-181.693522,744395.1047,-188.561044,777245.1868,-205.501075,834628.6085,-222.635995,895362.3905,-238.417226,954466.633,-253.841319,1011045.089,-268.577196,1066003.138,-292.111305,1133029.141,-314.816162,1199570.841,-336.272301,1261495.534,-356.944681,1319889.034,-376.221784,1378460.849,-401.63954,1442646.229,-426.257045,1507110.934,-450.213722,1572161.841,-473.444015,1636620.563,-494.920948,1698690.169,-494.66009,1723763.837,-493.394672,1746311.408,-491.670512,1769628.785,-488.926949,1789456.862,-485.214375,1808626.258,-462.763943,1825142.904,-440.680927,1842635.226,-418.802341,1860179.52,-398.607479,1871336.202,-378.850125,1880891.466,-401.761692,1945967.687,-424.70458,2012874.035,-446.539033,2070856.204,-466.336218,2132948.145,-486.55187,2194768.033,-507.145219,2258934.748
NB,Conventional to Reduced,-0.002344,20.85812198,-0.001935,18.64573898,-0.003139,23.80996399,-0.003878,27.15292196,-0.004727,30.20224498,-0.005442,33.25510388,-0.006036,36.05210695,-0.005829,34.79343595,-0.005591,33.51488696,-0.005365,32.20803196,-0.005123,30.81193195,-0.004873,29.29530794,-0.005998,35.60794596,-0.006773,40.17296797,-0.007489,44.56471995,-0.008198,48.77653493,-0.007466,44.59273694,-0.015662,84.40301889,-0.02276,120.2805588,-0.029225,153.2193808,-0.034849,183.2615149,-0.038857,205.0884248,-0.036633,197.3238038,-0.034424,189.1694569,-0.032344,181.3306889,-0.030262,173.3561728,-0.028061,163.9312168,-0.030063,174.2032928,-0.030814,178.1391428,-0.030497,176.1022208,-0.029241,169.0974838,-0.029048,167.9668579,-0.032134,181.4579838
NB,Conventional to Reduced,-0.687528,4114.646285,-0.715634,4327.39803,-0.76144,4612.325719,-0.799003,4863.423915,-0.832898,5102.488519,-0.862246,5324.477155,-0.88953,5540.302581,-0.874609,5567.869037,-0.859406,5592.837966,-0.844116,5615.796138,-0.82875,5637.384007,-0.814303,5660.539201,-0.831867,5840.647146,-0.845894,6005.960592,-0.857597,6160.411791,-0.866508,6302.076123,-0.862015,6352.162981,-0.943826,6662.165459,-1.014299,6931.967088,-1.076398,7175.221723,-1.131477,7401.102369,-1.190372,7659.187257,-1.175851,7576.511047,-1.156528,7481.932192,-1.135626,7385.204654,-1.115736,7298.433385,-1.094642,7205.131543,-1.153338,7535.426709,-1.212289,7871.625399,-1.270575,8214.721353,-1.328549,8558.28057,-1.387283,8920.133138,-1.456836,9307.946501
NB,Conventional to Zero-till,-0.001335,7.51846699,-0.001282,7.66996195,-0.001223,7.35026299,-0.001144,7.05467197,-0.001116,6.63996799,-0.00107,6.22904399,-0.001002,5.70181099,-0.000886,5.10570697,-0.000758,4.44489498,-0.000652,3.74531899,-0.000559,3.02620699,-0.000462,2.27140998,-0.000733,3.19433898,-0.000955,4.16385299,-0.001159,5.03815497,-0.001404,6.01812499,-0.001622,7.08512997,-0.001897,8.15375198,-0.00204,8.86127899,-0.002097,9.206937,-0.002082,9.28541899,-0.00217,9.633388,-0.003738,13.97344597,-0.004873,17.32412498,-0.005836,20.22270197,-0.00655,22.38205096,-0.006911,23.66192896,-0.006092,21.54474597,-0.005283,19.29404696,-0.004445,16.81535998,-0.003442,13.81090598,-0.003008,12.394691,-0.00296,12.29448899
NB,Conventional to Zero-till,-0.17013,576.496541,-0.183648,629.9999769,-0.189609,660.0229969,-0.192664,682.2945389,-0.194618,701.6039019,-0.195842,719.1937299,-0.195623,732.2848959,-0.194917,746.2670249,-0.193882,757.9407019,-0.19219,766.6993839,-0.190744,776.6259099,-0.188979,784.7869039,-0.200097,831.7503339,-0.210557,879.2544599,-0.219108,921.3148239,-0.22699,962.5416249,-0.235388,1007.266256,-0.244923,1059.765449,-0.25288,1109.299319,-0.258231,1150.830729,-0.262998,1189.021795,-0.266864,1225.070089,-0.290912,1309.605936,-0.312254,1387.697328,-0.33182,1462.587873,-0.35133,1537.812955,-0.369746,1611.405326,-0.366049,1625.507623,-0.361932,1639.469348,-0.355779,1627.035899,-0.349096,1612.983231,-0.34262,1600.065967,-0.3397,1598.597364
NB,Reduced to Conventional,,,,,0.000036,0.117223,0.000032,0.107447,0.000028,0.095334,0.000024,0.09151,0.00002,0.102895,0.000647,3.420581,0.001196,6.926527,0.001915,10.95388697,0.002701,15.378368,0.003826,21.69259099,0.003632,21.09590799,0.003567,21.09759099,0.003494,21.09951298,0.003389,21.09951298,0.003296,21.09951298,0.003159,20.90132897,0.002997,20.55634698,0.002816,20.06697799,0.002672,19.61366699,0.00244,18.025743,0.003527,22.92837497,0.004349,26.52413597,0.00498,29.26861298,0.005487,31.24822097,0.005793,32.07623494,0.00527,29.24310396,0.004677,26.07846393,0.004037,22.80301793,0.003457,19.53973095,0.0033,18.91015598,0.002703,15.88320899
NB,Reduced to Conventional,0.000004,0.02,0.000011,0.06,0.002889,13.422781,0.003238,15.40255198,0.00358,17.44466398,0.004055,20.068491,0.004505,22.717108,0.037349,183.699426,0.069188,343.693493,0.100808,506.1661399,0.132069,670.4216429,0.163941,841.507432,0.160367,842.394119,0.156672,842.462437,0.153153,842.570512,0.14961,842.660512,0.146212,842.660512,0.143526,846.168704,0.140971,849.823683,0.138623,854.333049,0.136442,859.766354,0.134809,867.664267,0.146028,939.4916449,0.156091,1006.515876,0.165727,1072.741402,0.175246,1139.521811,0.184449,1206.233803,0.188206,1245.33696,0.190841,1279.761577,0.193146,1312.587015,0.195584,1346.580328,0.198198,1380.019896,0.197736,1398.936828
NB,Reduced to Zero-till,-0.000045,0.33567,-0.000045,0.351313,-0.000114,0.972626,-0.00011,0.916657,-0.000106,0.868439,-0.000102,0.834005,-0.000098,0.790506,-0.000696,4.26982299,-0.001261,7.84926199,-0.001849,11.507015,-0.00242,15.337677,-0.003012,19.486803,-0.002923,19.64399699,-0.002768,19.41221597,-0.002608,19.16344799,-0.002434,18.81956598,-0.002204,18.18337198,-0.002177,18.24502999,-0.002121,18.22648198,-0.002082,18.212146,-0.00205,18.18456696,-0.001901,17.06954399,-0.00562,36.22231695,-0.008576,52.0257039,-0.010953,64.74684492,-0.01272,74.39865093,-0.013792,80.39970989,-0.012092,71.37754588,-0.01031,61.8183719,-0.008561,51.95812695,-0.006776,41.84547594,-0.005676,35.69194896,-0.004821,31.13532799
NB,Reduced to Zero-till,-0.001199,7.405389,-0.00133,8.272549,-0.002702,15.68175999,-0.002856,16.99046799,-0.003118,18.662213,-0.003411,20.60498799,-0.003815,23.22146998,-0.025884,139.260828,-0.047584,256.094036,-0.068995,373.633743,-0.090083,492.246357,-0.111186,613.389649,-0.112577,633.690102,-0.113635,652.265364,-0.114311,669.268739,-0.114738,684.7263739,-0.114284,695.6922309,-0.113344,704.1391479,-0.112246,711.7237809,-0.111169,719.5216629,-0.110086,726.7619039,-0.109079,735.202697,-0.167065,1051.452592,-0.221462,1355.648206,-0.273054,1651.619444,-0.321437,1937.200532,-0.366034,2209.034083,-0.360588,2223.219629,-0.355813,2240.270175,-0.351392,2258.916697,-0.347422,2279.405314,-0.343464,2298.748362,-0.338606,2313.056202
NB,Zero-till to Conventional,,,,,,0.015653,,0.024101,,0.037577,,0.060189,,0.0837,0.000033,0.284125,0.000055,0.458798,0.000084,0.651262,0.00011,0.794015,0.000139,0.939865,,0.394627,,0.394627,,0.394627,,0.394627,0.000016,0.490416,0.000028,0.526564,0.000036,0.56124,0.000044,0.646517,0.000056,0.693599,0.00007,0.722743,0.000066,0.669725,0.000058,0.62852,0.000054,0.5724,0.000051,0.512887,0.000044,0.442969,0.00004,0.476945,0.000036,0.468864,0.000041,0.482941,0.000105,0.703047,0.000113,0.69472,0.000305,1.259291
NB,Zero-till to Conventional,,,,,0.002026,5.94435099,0.003251,9.76589599,0.004685,14.46242199,0.006525,20.58980998,0.008809,28.44630398,0.010014,32.59587899,0.011193,36.84120299,0.012217,40.76873697,0.013269,44.88598897,0.01418,48.59014299,0.013988,49.13538199,0.013655,49.13538199,0.013335,49.13538199,0.013022,49.13538199,0.012715,49.27959199,0.013308,51.75344998,0.013931,54.34877399,0.014714,57.44349398,0.015413,60.21641498,0.015972,62.82727598,0.016471,65.70028396,0.016931,68.56149296,0.017261,70.91761398,0.017441,72.84712497,0.017166,73.21704299,0.017231,75.02307696,0.017355,77.381157,0.017996,81.48707698,0.02043,90.57697697,0.025197,107.985305,0.026691,114.940733
NB,Zero-till to Reduced,,,,,0.000044,0.435606,0.00009,0.97286698,0.000179,1.65079,0.000307,2.484821,0.000457,3.436161,0.000428,3.336626,0.000402,3.225711,0.000372,3.106668,0.000343,2.977235,0.000308,2.84457,0.000276,2.736559,0.000207,2.388502,0.000155,2.139645,0.000121,1.972952,0.000152,2.193067,0.000144,2.21569,0.000148,2.271795,0.000159,2.337492,0.000162,2.41385199,0.00019,2.39761699,0.000175,2.09590499,0.000157,1.84946999,0.00015,1.69221899,0.000138,1.56097599,0.00012,1.50786499,0.000237,2.15387099,0.000354,2.68993099,0.000441,3.13773999,0.000498,3.47208299,0.000667,4.30581097,0.000818,5.07536197
NB,Zero-till to Reduced,,,,,0.002507,13.07439699,0.005248,27.66714096,0.008032,42.93921998,0.010827,58.70519497,0.013565,74.50385698,0.01364,76.93338498,0.013792,79.47429498,0.013928,82.10333497,0.014093,84.81276597,0.014313,87.75543699,0.014491,90.37345199,0.014694,93.32150897,0.0149,96.38036199,0.015159,99.70704899,0.015407,102.896937,0.015201,103.6543169,0.015078,104.83822,0.015015,106.122516,0.01494,107.516148,0.015384,111.692392,0.015356,113.434109,0.015079,113.970535,0.015039,115.547788,0.014733,115.679035,0.014612,116.782153,0.016909,130.516137,0.019114,144.300082,0.021406,158.682267,0.023612,172.8479199,0.026017,188.6442019,0.028607,205.2046529
NB,Total,-0.862577,4727.280474,-0.903863,4992.39757,-0.950725,5353.17334,-0.987796,5651.773177,-1.020079,5937.095293,-1.046375,6206.594042,-1.068748,6467.643396,-1.04071,6797.835878,-1.012656,7123.301775,-0.983843,7447.33966,-0.955094,7774.702106,-0.926108,8113.099313,-0.961441,8370.663911,-0.991787,8610.029501,-1.017235,8831.481718,-1.038971,9037.928383,-1.045181,9143.602744,-1.146463,9562.09191,-1.233185,9932.758566,-1.307831,10267.16262,-1.373857,10577.8376,-1.440378,10914.58144,-1.498196,11329.40918,-1.545452,11701.84704,-1.586422,12056.45224,-1.624939,12404.9538,-1.657002,12723.82388,-1.700329,13134.02964,-1.744064,13541.29656,-1.784182,13924.72971,-1.82084,14309.14307,-1.857607,14735.56105,-1.918197,15185.78794
NL,Conventional to Reduced,-0.000058,0.798744,-0.000095,0.999662,-0.000106,1.115927,-0.000177,1.417906,-0.000239,1.84593999,-0.000338,2.39199,-0.000411,2.84158899,-0.000449,2.96329,-0.000472,3.003909,-0.000487,3.024351,-0.000506,3.009481,-0.000481,2.836644,-0.000444,2.735978,-0.000412,2.643468,-0.000401,2.544927,-0.000381,2.444815,-0.00037,2.342752,-0.000361,2.151828,-0.000768,3.875305,-0.001086,5.29019599,-0.00148,7.076275,-0.001694,8.101798,-0.001482,7.296947,-0.001293,6.542218,-0.00112,5.834714,-0.00097,5.214822,-0.000912,4.973866,-0.000799,4.489755,-0.000698,4.027192,-0.000604,3.551682,-0.000518,3.182,-0.000542,3.329843,-0.000464,3.017955
NL,Conventional to Reduced,-0.001741,8.737715,-0.002127,10.674808,-0.002557,12.903867,-0.003671,18.156157,-0.004922,24.17305999,-0.006522,31.97879699,-0.007861,38.69583499,-0.008201,41.24763899,-0.008581,43.81857399,-0.008956,46.549361,-0.009441,49.80066398,-0.009533,51.44076897,-0.009328,51.55828497,-0.009051,51.78095797,-0.008861,51.98330797,-0.008659,52.12369397,-0.00844,52.24260997,-0.009474,57.59525199,-0.010376,62.62183298,-0.010647,65.19110399,-0.01123,68.97651496,-0.01153,71.96797199,-0.011838,75.04931898,-0.012015,77.27033699,-0.012012,78.80510498,-0.012246,81.23586298,-0.012826,85.31135297,-0.012667,86.33267496,-0.012576,87.365449,-0.012478,88.30594298,-0.01246,89.777858,-0.012604,91.64848498,-0.012215,91.06431899
NL,Conventional to Zero-till,-0.000071,0.623937,-0.000124,0.785247,-0.000117,0.769064,-0.00013,0.781358,-0.000123,0.735312,-0.000116,0.687729,-0.00012,0.66472096,-0.000185,0.721686,-0.000246,0.78093897,-0.000276,0.811327,-0.000354,0.901399,-0.000463,0.959644,-0.000379,0.845668,-0.000303,0.747696,-0.000244,0.633265,-0.000179,0.517705,-0.000113,0.401019,-0.000083,0.283964,-0.000063,0.219987,-0.000033,0.1319,-0.00003,0.072271,-0.00003,0.071643,-0.000069,0.210949,-0.000127,0.350284,-0.000138,0.441126,-0.000154,0.507205,-0.000154,0.559646,-0.000431,1.293519,-0.000427,1.360003,-0.000416,1.373714,-0.000471,1.60403699,-0.000665,2.13027299,-0.000776,2.42632399
NL,Conventional to Zero-till,-0.003209,8.565657,-0.004192,11.107916,-0.004401,11.91610299,-0.004702,12.86986399,-0.004705,13.137895,-0.004772,13.48745199,-0.004825,13.821951,-0.005285,15.024606,-0.005807,16.25638095,-0.006443,18.063497,-0.007262,20.104714,-0.007953,21.43625398,-0.007772,21.55022798,-0.008175,22.88507499,-0.008538,24.17955499,-0.0085,24.52607898,-0.008389,24.64276598,-0.008401,25.07658799,-0.008368,25.59099198,-0.008266,25.76708798,-0.008175,25.98561499,-0.00803,25.99624299,-0.010767,33.10385699,-0.013025,39.39425398,-0.014717,44.35045696,-0.015683,47.70120597,-0.016754,51.10234798,-0.017784,53.76107499,-0.017858,54.79201296,-0.017642,55.03307498,-0.017618,56.02156697,-0.018036,58.20771798,-0.018555,60.02600399
NL,Reduced to Conventional,,0.133073,,0.129069,0.000016,0.155566,0.000016,0.150318,0.000016,0.143823,0.000064,0.302389,0.000098,0.478123,0.000325,1.593697,0.000492,2.38978899,0.000592,2.91920199,0.000662,3.33037098,0.000719,3.656967,0.000701,3.661069,0.000686,3.64071,0.000696,3.73912,0.000703,3.902097,0.000795,4.299492,0.000757,4.15193599,0.000717,4.00001199,0.000674,3.84230099,0.00064,3.683191,0.000555,3.280505,0.000813,4.295167,0.000721,3.883099,0.000639,3.467478,0.000562,3.048304,0.000487,2.620456,0.000431,2.341065,0.000388,2.17142,0.000358,2.075725,0.000344,2.03286,0.000319,1.906733,0.000296,1.765703
NL,Reduced to Conventional,0.000142,0.74693,0.000139,0.750934,0.000268,1.33443699,0.000283,1.419686,0.000324,1.63618,0.000424,2.01760799,0.000552,2.561883,0.001603,7.28630099,0.002064,9.57021299,0.002291,10.88080399,0.002391,11.67962797,0.002484,12.38303198,0.003184,15.83892797,0.003243,16.51929199,0.003497,18.03087899,0.003742,19.56789398,0.004211,21.98049999,0.004123,22.23805698,0.004052,22.45998099,0.003943,22.617694,0.003856,22.77679599,0.003975,23.839483,0.005014,28.80482599,0.004974,29.316896,0.004924,29.85251999,0.004893,30.46169099,0.004824,30.959539,0.004702,31.198931,0.004581,31.298571,0.004402,31.31427599,0.004267,31.21713799,0.004142,31.08326397,0.004029,31.16429497
NL,Reduced to Zero-till,,0.102678,,0.08664,,0.081541,,0.102914,,0.104195,,0.126193,,0.162558,-0.000196,1.027086,-0.000366,1.684328,-0.000529,2.303572,-0.000699,2.889777,-0.000838,3.521645,-0.0008,3.522241,-0.00079,3.565364,-0.000754,3.561095,-0.000739,3.556907,-0.000723,3.552679,-0.000681,3.393096,-0.000651,3.215522,-0.000626,3.036518,-0.000603,2.877364,-0.000524,2.563811,-0.000592,2.78603699,-0.000507,2.44860499,-0.000425,2.12295699,-0.000348,1.78926799,-0.000278,1.46251999,-0.000588,2.654163,-0.00056,2.594194,-0.0005,2.384255,-0.00046,2.24876,-0.000444,2.215766,-0.00044,2.265354
NL,Reduced to Zero-till,-0.000469,1.915977,-0.000456,1.932015,-0.000474,2.041392,-0.000485,2.15598799,-0.000531,2.35184199,-0.000569,2.539086,-0.000628,2.865819,-0.002726,11.12373599,-0.004331,17.72190698,-0.005424,22.327047,-0.00619,26.04806798,-0.006512,27.82806898,-0.006357,27.94475398,-0.006345,28.44849299,-0.006229,28.58455899,-0.006123,28.81109799,-0.006041,29.06757199,-0.005972,29.55253,-0.005895,29.90114999,-0.005808,30.213877,-0.005769,30.67914999,-0.005763,31.139679,-0.006441,34.05405199,-0.006411,34.815615,-0.006508,35.87664098,-0.00656,36.68905499,-0.006619,37.74551998,-0.007662,42.18723495,-0.007845,43.36629499,-0.007883,43.90882299,-0.00776,44.21058697,-0.007629,44.25358397,-0.00757,44.71401197
NL,Zero-till to Conventional,,0.010026,,0.0092,0.000016,0.041776,0.000016,0.05177,0.000016,0.0593,0.000016,0.073864,0.000016,0.085874,0.000016,0.084954,0.000016,0.084034,0.000016,0.083114,0.000016,0.082194,0.000016,0.081274,0.000088,0.304569,0.000142,0.50282,0.000219,0.6701,0.000428,1.236989,0.000748,2.145761,0.000692,2.027324,0.000644,1.912865,0.000597,1.78814,0.000549,1.663005,0.000527,1.612668,0.000499,1.560587,0.000474,1.508054,0.000452,1.455066,0.000434,1.401627,0.000409,1.347082,0.00038,1.291439,0.000356,1.234691,0.000326,1.178666,0.000308,1.119714,0.000246,0.892399,0.000176,0.661848
NL,Zero-till to Conventional,0.000051,0.139978,0.000051,0.140804,0.000209,0.568228,0.000234,0.648233,0.000322,0.890703,0.000381,1.056139,0.00049,1.36412999,0.000487,1.36504999,0.000479,1.36596999,0.000519,1.42688999,0.000508,1.42780999,0.000519,1.45872999,0.001177,3.225437,0.00161,4.40717899,0.001951,5.40990399,0.003056,8.33301699,0.004521,12.284245,0.004547,12.462681,0.004675,13.01713799,0.004624,13.21186699,0.004634,13.546999,0.004727,13.997337,0.004661,14.05942199,0.004606,14.131953,0.004533,14.21493398,0.004494,14.298369,0.00442,14.37291399,0.004347,14.42855699,0.004288,14.48530499,0.00422,14.57133399,0.004159,14.63028599,0.004168,14.8976,0.004185,15.22815299
NL,Zero-till to Reduced,,,,,,0.032313,,0.079154,,0.111891,,0.154819,0.000075,0.456288,0.000071,0.436821,0.000063,0.417347,0.000055,0.415094,0.000055,0.392866,0.000055,0.370636,0.000157,0.724741,0.000282,1.083041,0.000437,1.534587,0.000576,1.985272,0.000659,2.376042,0.000594,2.260176,0.000552,2.216653,0.000513,2.179264,0.000458,2.064834,0.000403,1.882828,0.000351,1.682835,0.000295,1.481104,0.000247,1.277632,0.000203,1.07242,0.000166,0.916756,0.000125,0.757638,0.000092,0.595356,0.000059,0.429914,0.000026,0.261331,0.000026,0.226608,0.000026,0.206935
NL,Zero-till to Reduced,,,,,0.000162,0.627695,0.000343,1.380848,0.00054,2.20811299,0.000724,3.015191,0.000929,3.89372299,0.000941,3.99318999,0.000965,4.09266499,0.00099,4.264913,0.000993,4.377144,0.000977,4.429372,0.001102,4.73526799,0.001347,5.30696699,0.001838,6.245417,0.002447,7.44474698,0.003023,8.50396699,0.003204,9.52984299,0.004368,14.22335598,0.004854,16.50075398,0.005024,17.48518699,0.005102,18.31719798,0.005011,18.51719198,0.004941,18.71892398,0.00483,18.92239498,0.004775,19.12760698,0.00473,19.36327198,0.004663,19.52239098,0.004568,19.68467198,0.004453,19.85011398,0.004358,20.01869498,0.004247,20.05341898,0.004133,20.07309198
NL,Total,-0.005355,21.774715,-0.006804,26.616295,-0.006984,31.58790898,-0.008273,39.21419598,-0.009302,47.39825396,-0.010708,57.83125697,-0.011685,67.89249392,-0.013599,86.86805595,-0.015724,101.1860559,-0.017652,113.069172,-0.019827,124.0441159,-0.02101,130.4030359,-0.018671,136.6471659,-0.017766,141.5310629,-0.016389,147.1167159,-0.013629,154.4503139,-0.010119,163.8394049,-0.011055,170.7232749,-0.011113,183.2547939,-0.011261,189.7707029,-0.012126,196.8872019,-0.012282,202.771165,-0.01484,221.4211899,-0.017367,229.8613429,-0.019295,236.6210249,-0.0206,242.5474369,-0.022507,250.7352719,-0.025283,260.2584429,-0.025691,262.9751609,-0.025705,263.9775209,-0.025825,266.3248329,-0.026772,270.8456919,-0.027175,272.6139939
NS,Conventional to Reduced,-0.000488,13.656526,-0.000425,13.26146999,-0.001005,15.905593,-0.001627,19.59172495,-0.002265,22.87224195,-0.002832,25.66481797,-0.003425,28.08265595,-0.003367,27.51460898,-0.003263,26.57673197,-0.00311,25.03221898,-0.002939,23.41391598,-0.002815,21.83068198,-0.002733,22.00484097,-0.002753,22.62374898,-0.002497,21.88357499,-0.002051,19.93442397,-0.001527,17.87002,-0.001375,16.35230999,-0.001189,14.951877,-0.001036,13.81391999,-0.0009,12.59296899,-0.000619,9.705594,-0.001657,13.85362598,-0.002027,15.62243298,-0.002143,16.11370496,-0.002052,15.75317895,-0.001971,15.56559896,-0.002056,16.29843698,-0.00211,16.49250797,-0.002217,16.61750599,-0.002381,16.82851697,-0.002779,17.69655197,-0.003648,21.68052297
NS,Conventional to Reduced,-0.108349,627.973333,-0.111484,657.1168799,-0.121859,720.7794869,-0.155535,888.8644179,-0.190353,1065.687511,-0.223869,1240.558684,-0.257284,1419.70009,-0.257865,1455.805697,-0.258066,1490.060311,-0.258018,1523.707775,-0.258117,1557.557031,-0.258951,1594.343606,-0.263312,1644.933136,-0.26719,1693.387874,-0.27107,1743.111805,-0.274557,1792.72943,-0.276814,1822.694369,-0.273626,1813.778841,-0.270358,1805.155803,-0.267093,1798.701891,-0.264211,1794.481142,-0.26109,1792.164071,-0.277721,1885.079366,-0.284227,1932.769645,-0.285571,1957.973391,-0.283256,1968.619616,-0.279568,1968.05018,-0.290308,2035.955575,-0.300846,2107.344889,-0.315484,2199.936156,-0.33237,2304.857199,-0.346925,2391.96262,-0.365661,2493.012794
NS,Conventional to Zero-till,-0.004562,20.72834697,-0.004001,19.66797597,-0.003709,18.17857197,-0.003965,18.34586195,-0.00395,18.09628895,-0.004193,17.96693999,-0.004263,17.48413597,-0.004451,18.00112298,-0.004709,18.47752299,-0.004522,17.25401299,-0.004484,16.36302199,-0.004278,14.82667497,-0.00286,10.85294098,-0.002523,10.15484499,-0.001935,8.77265299,-0.001845,8.83706597,-0.001359,7.69419997,-0.001305,7.42061599,-0.001228,7.441228,-0.000977,6.77725999,-0.000461,5.12706799,-0.000446,4.92790799,-0.000441,4.67521199,-0.000431,4.43509098,-0.000434,4.21204399,-0.00042,4.03491099,-0.000407,3.92556099,-0.001176,6.518806,-0.001628,8.183843,-0.002094,9.617831,-0.002351,10.18403199,-0.002567,10.44368999,-0.002982,11.53723098
NS,Conventional to Zero-till,-0.082904,307.775857,-0.088406,332.489888,-0.088701,340.9479909,-0.09027,353.1845129,-0.091445,364.796951,-0.092211,374.5147679,-0.093274,385.6952839,-0.106027,442.241418,-0.116842,494.0874309,-0.125946,541.1774549,-0.134352,586.7460889,-0.144356,637.7772769,-0.152485,678.8636579,-0.158932,714.7880989,-0.165792,751.3548089,-0.171539,785.0694929,-0.180535,828.7172409,-0.185102,858.8882989,-0.188639,884.8618879,-0.191217,908.0973439,-0.193763,931.6963599,-0.194697,950.1353899,-0.19218,955.9067608,-0.189415,960.1836408,-0.186277,963.9942319,-0.183521,968.4252439,-0.181026,973.4375938,-0.211034,1094.280801,-0.239043,1209.640248,-0.264852,1300.565323,-0.289444,1391.541728,-0.305091,1458.239204,-0.317333,1514.33563
NS,Reduced to Conventional,0.000007,0.265969,,0.21246,0.00008,0.725003,0.00009,0.934146,0.000068,0.959465,0.000083,1.02292699,0.000075,0.99125599,0.000068,0.85323499,0.00006,0.71965799,0.000049,0.57423899,0.000056,0.50682399,0.000117,0.72476299,0.000142,0.946456,0.00017,1.171423,0.000179,1.31606098,0.000134,1.123701,0.000152,1.318247,0.000123,1.240422,0.000077,1.053244,0.00003,0.817995,,0.64056,,0.630304,,0.596955,0.000012,0.587829,0.00004,0.649064,0.000054,0.74719,0.000121,1.034793,0.000106,0.979013,0.000091,0.916831,0.000073,0.798625,0.000054,0.654291,0.000051,0.689032,0.00008,0.921266
NS,Reduced to Conventional,0.000216,1.374017,0.000223,1.427526,0.001251,6.49496899,0.001743,9.045835,0.001893,10.030526,0.002033,11.05705798,0.002062,11.67873098,0.002018,11.91675997,0.002042,12.400349,0.001997,12.59576799,0.00208,13.42316798,0.002114,14.00522898,0.005269,28.15353799,0.006872,35.92856099,0.007748,40.72392898,0.008096,43.54630097,0.008718,47.20175598,0.008706,48.559566,0.008811,50.16674099,0.008858,51.96200399,0.009094,54.14942197,0.009322,56.65966597,0.009265,57.57302099,0.009286,58.95216897,0.010043,63.46092597,0.011267,70.75278996,0.01313,81.08520598,0.013593,85.09099297,0.014212,90.03314397,0.014641,94.18138692,0.014981,98.14570793,0.015841,104.6809799,0.016162,108.62874
NS,Reduced to Zero-till,-0.000004,1.046455,,0.98508,-0.000267,2.349191,-0.000332,2.694142,-0.000418,3.103175,-0.000472,3.473944,-0.000524,3.749951,-0.000562,4.12413396,-0.000583,4.35022499,-0.000653,4.83065698,-0.000741,5.31988699,-0.000861,5.94495098,-0.000597,4.617082,-0.00059,4.88883999,-0.000548,5.111888,-0.000288,3.772429,-0.000264,3.87996597,-0.000306,4.29391299,-0.000309,4.71274599,-0.000288,4.88017598,-0.000174,4.23976399,-0.000126,4.12761499,-0.000173,4.33719898,-0.000169,4.314664,-0.000145,4.19878899,-0.000143,4.062849,-0.00014,3.94613599,-0.000146,3.689493,-0.000138,3.36888599,-0.000118,2.99368799,-0.000125,2.813852,-0.00014,2.71837799,-0.000133,2.64318398
NS,Reduced to Zero-till,-0.003537,22.86665199,-0.003647,23.98065297,-0.004005,26.33961898,-0.004334,28.763182,-0.004648,31.20104699,-0.00492,33.38370899,-0.005073,35.05936596,-0.006887,45.42639298,-0.008506,55.15431698,-0.009976,64.56327595,-0.011249,73.61903497,-0.011993,79.56811399,-0.014413,94.63666398,-0.01636,106.8564249,-0.018243,119.098067,-0.020158,131.89803,-0.021532,141.972338,-0.023713,156.634629,-0.02583,171.816454,-0.027779,186.292007,-0.029884,202.1073909,-0.031744,216.608193,-0.03857,256.34405,-0.043194,285.9161339,-0.04642,308.643785,-0.048823,327.188447,-0.0505,340.6305779,-0.050638,346.5284129,-0.050603,350.7816049,-0.050518,355.0852179,-0.0516,365.8629309,-0.052605,377.1630629,-0.053555,389.0929659
NS,Zero-till to Conventional,,0.003974,,0.003974,0.000052,0.25087,0.000103,0.512925,0.000118,0.669085,0.00013,0.84806497,0.000132,0.90373299,0.000122,0.81515099,0.000111,0.70729399,0.000119,0.65432299,0.000105,0.54148799,0.000129,0.50658299,0.000085,0.408841,0.000082,0.417721,0.000082,0.425095,0.000082,0.443626,0.000082,0.449491,0.000056,0.324828,0.000034,0.212739,0.000019,0.130048,,0.045136,,0.02802,,0.02732,0.000008,0.059884,0.000012,0.099968,0.000012,0.127905,0.000031,0.267209,0.000031,0.260755,0.000027,0.254965,0.000023,0.249596,0.000031,0.259607,0.000037,0.266098,0.00019,0.67603699
NS,Zero-till to Conventional,0.000008,0.026026,0.000008,0.026026,0.000445,1.329127,0.001241,3.907072,0.001928,5.970916,0.0026,8.231931,0.003179,10.20625598,0.00316,10.42484699,0.003117,10.65270098,0.003079,10.785676,0.003002,10.95851298,0.002985,11.27341199,0.002944,11.51115999,0.002959,11.752281,0.002966,11.96490997,0.002999,12.21637599,0.003,12.42050499,0.002977,12.545162,0.00294,12.657252,0.00291,12.859941,0.002874,12.944848,0.002905,13.20196,0.002857,13.32265998,0.003073,14.170101,0.003334,15.39000099,0.003541,16.21206098,0.003647,16.93274898,0.00357,16.95920298,0.003499,17.03499098,0.003462,17.21036197,0.003783,18.47036296,0.00374,18.64387097,0.004034,19.58393897
NS,Zero-till to Reduced,,,,,0.00003,0.201902,0.000037,0.299155,0.000037,0.373744,0.000045,0.519871,0.000045,0.579548,0.000049,0.550369,0.000049,0.501169,0.000052,0.510005,0.000048,0.458843,0.000052,0.47768,0.000041,0.410632,0.000041,0.414051,0.000041,0.446369,,0.195984,,0.24324,,0.277836,,0.344519,,0.409084,,0.452558,,0.476468,,0.622499,0.000268,2.03572,0.00036,2.55298,0.000348,2.57183599,0.000351,2.59250299,0.000324,2.45260898,0.000306,2.30856699,0.000287,2.16147899,0.000276,2.013278,0.00025,1.873612,0.000198,1.505831
NS,Zero-till to Reduced,,,,,0.000295,1.498084,0.000551,2.94081899,0.000841,4.69623498,0.00111,6.38012199,0.001374,8.21044199,0.001352,8.379613,0.001348,8.65880499,0.001341,8.72997299,0.001311,8.78113299,0.001282,8.85229499,0.001334,9.39935399,0.001325,9.44593099,0.00136,9.873614,0.001416,10.54398897,0.001518,11.16673299,0.002229,15.12213499,0.002961,19.20545899,0.003635,23.1409,0.004279,27.00741799,0.004983,31.433494,0.007818,47.49746497,0.012277,71.97424497,0.01437,84.76700492,0.015617,93.41816393,0.016624,100.697486,0.016296,100.867387,0.015955,101.0414499,0.01562,101.2085459,0.0153,101.406729,0.014997,101.5663939,0.014686,102.1041839
NS,Total,-0.199613,995.7171559,-0.207732,1049.171933,-0.217393,1135.000408,-0.252298,1329.083794,-0.288194,1528.457186,-0.322496,1723.622837,-0.356976,1922.341449,-0.37239,2026.053349,-0.385242,2122.346515,-0.395588,2210.415379,-0.40528,2297.688949,-0.416575,2390.131267,-0.426585,2506.738303,-0.436899,2611.8298,-0.447709,2714.082775,-0.457711,2810.310849,-0.468561,2895.628106,-0.471336,2935.438557,-0.47273,2972.57995,-0.472938,3007.88257,-0.473146,3045.484636,-0.471512,3080.098683,-0.490802,3239.836134,-0.494539,3351.021555,-0.492831,3422.055889,-0.487376,3471.914191,-0.479708,3508.165593,-0.521438,3709.881485,-0.560278,3907.401926,-0.601177,4100.625716,-0.643846,4313.038234,-0.675191,4485.943493,-0.707962,4665.722324
ON,Conventional to Reduced,-0.014744,181.8333438,-0.013515,178.9599088,-0.012996,173.6793478,-0.016382,196.3613097,-0.019212,216.6790647,-0.021833,234.1389348,-0.023855,248.2915777,-0.021525,231.0808598,-0.019309,214.0834428,-0.017404,197.3488227,-0.01559,180.8090288,-0.014083,165.1854429,-0.016888,169.2806788,-0.019338,171.6173117,-0.021795,173.4250449,-0.024047,174.8606518,-0.026024,176.1105288,-0.026261,178.2348508,-0.026349,180.3324368,-0.026474,182.8633988,-0.026742,186.1208017,-0.026342,186.6187627,-0.02833,193.8130527,-0.030419,202.8559978,-0.032491,212.7487148,-0.034643,224.3809768,-0.036559,235.0462438,-0.038148,247.5529097,-0.040119,261.4760337,-0.042513,277.1924407,-0.045467,295.2392467,-0.049671,315.4565855,-0.053873,342.0211677
ON,Conventional to Reduced,-24.639044,167726.7921,-24.51374,170812.4505,-25.161342,178393.7151,-28.590996,202915.3616,-31.998102,227824.3342,-35.237009,251614.3844,-38.353159,274956.4691,-37.689281,276132.0163,-36.987676,276709.5893,-36.282701,277035.1604,-35.577135,277129.5304,-34.889182,277138.4516,-36.296521,289509.6409,-37.650867,301689.6821,-38.954841,313677.8033,-39.391635,316366.2453,-39.646226,317157.1625,-40.511061,321425.1723,-41.216946,324365.9219,-41.927228,327662.2366,-42.837235,333501.3409,-43.659177,338478.0446,-41.630691,326491.695,-39.64386,314491.8145,-38.289231,309049.7662,-36.912249,303026.6232,-34.342647,283280.8921,-32.931904,270134.7799,-31.428371,255489.9121,-29.834649,239309.5279,-29.636183,238040.989,-29.836366,240955.2742,-30.0535,244076.6708
ON,Conventional to Zero-till,-0.022243,76.92951686,-0.020727,76.45393997,-0.020516,75.40358998,-0.043178,130.0043409,-0.065183,185.2768429,-0.08565,236.7896888,-0.104364,284.7958038,-0.106261,295.5582788,-0.107241,303.9024158,-0.10795,309.9526228,-0.10769,313.8111559,-0.106835,315.5394078,-0.100059,294.9967788,-0.092435,271.5509758,-0.084917,247.2391968,-0.077306,221.8625087,-0.069078,193.3253578,-0.061692,175.8476038,-0.05472,158.9981158,-0.04822,142.6671458,-0.042179,127.0036869,-0.03776,115.6430979,-0.032237,100.9208698,-0.027814,88.50906783,-0.023901,77.47941491,-0.020565,67.77042087,-0.017463,58.13128188,-0.024295,69.30582494,-0.030496,79.2334469,-0.036508,88.74297588,-0.042188,97.3902508,-0.047509,106.0724568,-0.053739,119.3882668
ON,Conventional to Zero-till,-22.219194,56357.97704,-22.749002,58890.38993,-23.551354,61652.57154,-41.536945,106596.6961,-60.587496,155200.5608,-79.699452,205054.7104,-99.007781,256435.2032,-106.008634,279273.5351,-112.757743,301946.6821,-119.276688,324487.2198,-125.576287,346910.5735,-131.615097,369135.977,-135.145394,385271.6648,-138.526076,401287.7539,-141.766855,417196.3874,-144.868891,432986.696,-147.535528,447962.4489,-146.044108,453229.6458,-144.544108,458389.0933,-143.013977,463407.0882,-141.428608,468242.2325,-139.750543,472857.1532,-136.277193,472932.9657,-132.87367,472981.9071,-129.549157,473018.2442,-126.303853,473045.3901,-123.13563,473066.2408,-123.012376,480198.7065,-122.875635,487297.3764,-122.73274,494371.0328,-122.567935,501385.7573,-122.398001,508356.0266,-122.302975,515518.5442
ON,Reduced to Conventional,,,,0.01051,,0.022236,,0.021186,,0.020134,,0.019084,,0.018032,,0.016982,,0.016362,,0.015312,,0.01512,,0.013533,,0.081023,,0.175605,0.000004,0.238701,,0.311881,,0.350805,0.000012,0.3582,0.000014,0.326011,0.000011,0.255525,,0.149006,,0.169267,0.000757,3.457062,0.001525,6.857498,0.002285,10.213495,0.003141,13.893716,0.004008,17.71750899,0.003957,18.06078899,0.003915,18.47479599,0.003862,18.97448699,0.003854,19.54261999,0.003655,19.24000099,0.003504,19.22414999
ON,Reduced to Conventional,0.000004,0.02,0.000015,0.089494,0.000583,2.427767,0.000569,2.428817,0.000554,2.439869,0.00054,2.480919,0.000529,2.481971,0.001648,9.543021,0.0027,16.273644,0.003557,22.04469399,0.004521,28.48488299,0.004983,32.24646999,0.005618,35.99899098,0.006227,40.34440199,0.006719,44.05129298,0.0072,47.66811498,0.007519,50.55918697,0.027361,167.141795,0.046631,283.353985,0.065075,398.6444719,0.083226,514.721016,0.087432,548.550762,0.107177,662.472979,0.126236,775.1825439,0.144029,883.2165469,0.160367,984.3963279,0.174121,1073.912544,0.226498,1390.369292,0.277242,1703.825257,0.327047,2019.23558,0.375191,2328.047459,0.423774,2645.370053,0.474009,2986.195873
ON,Reduced to Zero-till,-0.000202,1.934039,-0.000153,2.799093,-0.000656,5.066009,-0.000768,5.22594899,-0.000811,5.400868,-0.000853,5.46273299,-0.00076,5.286554,-0.00227,12.413262,-0.003276,18.15457397,-0.004061,22.56520899,-0.004579,25.54696796,-0.004613,27.31239294,-0.003963,23.85893397,-0.003395,20.31122298,-0.00289,16.84328299,-0.002426,13.60193397,-0.001993,10.286161,-0.001468,8.093745,-0.001042,6.07131,-0.00069,4.169377,-0.000419,2.405154,-0.000418,2.44763099,-0.000427,1.99691199,-0.000697,2.40796299,-0.000961,2.81694999,-0.001244,3.27423998,-0.001491,3.73522099,-0.002962,10.30848299,-0.004632,17.27843599,-0.006665,24.97765797,-0.009305,33.97116496,-0.012423,44.64676592,-0.017333,61.75935888
ON,Reduced to Zero-till,-0.081025,305.4272929,-0.271676,1025.065945,-0.624905,2343.892498,-0.723341,2630.591927,-0.838923,2958.673854,-0.936513,3255.684341,-0.978266,3436.722538,-2.596797,9354.178255,-4.151245,15210.66242,-5.64176,20995.95443,-7.070024,26708.16589,-8.452584,32421.96181,-8.396001,32972.1308,-8.339231,33516.58117,-8.283165,34057.57069,-8.230235,34603.92483,-8.210106,35237.22323,-8.034346,35407.37708,-7.858209,35558.54439,-7.682971,35693.37251,-7.509981,35817.3002,-7.339236,35923.99897,-7.217716,36093.60101,-7.095355,36249.23256,-6.967819,36355.01505,-6.843629,36493.69677,-6.719572,36631.38216,-6.944281,38031.04576,-7.128469,39272.57091,-7.274908,40363.04707,-7.412988,41515.94746,-7.54156,42639.55703,-7.687002,43827.90228
ON,Zero-till to Conventional,,,,0.00145,0.00002,0.018532,0.00002,0.025199,0.00002,0.035457,0.000016,0.101049,0.000052,0.180867,0.000048,0.172458,0.00004,0.16395,0.000036,0.158944,0.000032,0.154508,0.00004,0.166537,0.000126,0.334255,0.000185,0.455474,0.000333,0.676051,0.000515,0.94534,0.000692,1.20656099,0.000614,1.054232,0.00054,0.910892,0.000478,0.774965,0.000423,0.646292,0.000423,0.655959,0.000999,2.014803,0.001814,3.913752,0.003104,6.669346,0.004648,9.99718099,0.006992,15.284204,0.00679,15.223247,0.006619,15.160141,0.006407,15.09284,0.006191,15.022296,0.005362,13.13721199,0.005203,13.10946898
ON,Zero-till to Conventional,,,,0.008552,0.001669,2.43147,0.002478,4.28479399,0.003293,6.234537,0.005061,10.28893799,0.007083,14.98911999,0.007064,15.72752698,0.007194,16.78603799,0.007228,17.78104299,0.007248,18.36547898,0.00916,23.40344598,0.014029,33.67572797,0.018647,43.80450297,0.023542,54.69394099,0.02905,66.84466297,0.034213,79.30344496,0.035076,83.37576196,0.03616,87.86912096,0.037102,92.21503695,0.038326,97.16370496,0.084891,216.524037,2.258555,5445.035183,4.429627,10775.04623,6.492542,15965.81064,8.445383,21006.79286,10.374205,26148.07585,10.151176,26236.82682,9.932519,26321.72993,9.719252,26406.79723,9.510214,26488.52777,9.307882,26572.09286,9.133638,26715.5006
ON,Zero-till to Reduced,,,,,,0.003168,0.000008,0.07141,0.000022,0.151774,0.000032,0.31816,0.000068,0.515051,0.000068,0.556031,0.00006,0.588925,0.000056,0.628797,0.00007,0.693974,0.000092,0.765943,0.000088,0.73124,0.00008,0.67657,0.000084,0.629121,0.000079,0.601812,0.000099,0.606167,0.000097,0.600726,0.000089,0.578168,0.000091,0.541471,0.000097,0.495907,0.000104,0.554791,0.003102,11.715807,0.006677,25.051305,0.011293,41.65520495,0.017066,62.38309095,0.0254,91.91290286,0.025147,93.43818991,0.024959,94.86905685,0.024664,96.32615493,0.024535,97.70133193,0.023167,93.56858788,0.022428,93.25674391
ON,Zero-till to Reduced,,,,,0.002032,4.14682599,0.006462,19.29857898,0.01142,36.15820998,0.017146,56.13182694,0.023397,78.44495396,0.024458,87.21396096,0.025478,95.97106095,0.026737,105.491195,0.028395,116.2060049,0.030218,127.624042,0.031343,133.8887459,0.032189,139.623412,0.033381,146.6808389,0.034955,155.6081679,0.037115,166.7738229,0.192393,756.3492679,0.339564,1331.151803,0.480355,1896.188523,0.617461,2459.674097,0.780915,3139.775264,4.421835,16986.87424,7.967503,30819.25883,11.430462,44707.425,14.824488,58703.10709,18.071477,72541.92733,17.921682,73863.78205,17.774709,75175.00121,17.630946,76477.39409,17.48998,77763.20898,17.353726,79049.1416,17.218066,80366.76348
ON,Total,-46.976448,224650.9134,-47.568798,230986.2293,-49.367465,242653.3781,-70.902073,312500.3712,-93.494418,386435.9657,-115.958515,460470.5105,-138.437056,535463.3988,-146.391482,565412.012,-153.991018,594532.8742,-161.29295,623194.3213,-168.311039,651432.3569,-175.037901,679388.6477,-179.907622,708446.2829,-184.574014,737182.5767,-189.0504,765616.2389,-192.522741,784639.1712,-195.409317,801035.3567,-194.423383,811433.2514,-193.278376,820363.1514,-192.116448,829481.0173,-191.105631,840949.2532,-189.859711,851470.1364,-178.394169,858926.5627,-167.138433,866422.0374,-156.779845,880331.0608,-146.66109,893641.706,-135.597159,893164.2581,-134.618716,890309.3997,-133.487759,885746.9078,-132.215805,879468.3411,-132.304101,888081.345,-132.767964,900809.584,-133.311574,914140.3364
PE,Conventional to Reduced,-0.003975,25.71824591,-0.004408,28.70903293,-0.00809,44.29680294,-0.011639,60.33952989,-0.015486,76.92190392,-0.019127,94.0292849,-0.022735,111.0063719,-0.02692,130.7155759,-0.031159,150.5731409,-0.035305,170.6669469,-0.039394,190.7499569,-0.043321,211.5438889,-0.041561,206.8176879,-0.039887,202.3045419,-0.037867,195.9656519,-0.035497,187.8877969,-0.033065,178.1590559,-0.032073,174.3088099,-0.030192,165.8244969,-0.027682,153.5903669,-0.02471,138.4564509,-0.022397,126.36954,-0.020988,117.826257,-0.01924,107.1593529,-0.01713,94.48129993,-0.014655,79.95845799,-0.012184,65.88653996,-0.015207,76.07456398,-0.016992,81.71703295,-0.017988,84.8337019,-0.018487,86.91988391,-0.019909,92.91958992,-0.020438,95.54874292
PE,Conventional to Reduced,-0.49478,2369.714197,-0.539285,2616.875459,-0.708193,3398.400359,-0.874578,4189.234228,-1.041544,5001.579715,-1.209641,5838.106837,-1.366626,6645.833027,-1.517265,7452.944268,-1.661099,8248.401008,-1.799984,9039.433615,-1.933319,9823.413284,-2.065423,10619.79367,-2.036835,10741.28516,-2.010047,10867.93544,-1.984164,10996.25312,-1.959246,11125.16567,-1.935582,11255.62117,-1.929723,11462.08608,-1.916562,11636.58483,-1.899527,11791.79474,-1.879535,11934.18347,-1.86339,12089.7446,-1.904227,12483.86474,-1.941666,12867.90868,-1.975869,13242.42144,-2.007067,13607.50481,-2.010495,13698.83688,-2.183568,14515.59387,-2.341609,15290.68391,-2.484651,16023.36201,-2.616326,16725.16594,-2.736063,17393.40374,-2.847307,18040.35523
PE,Conventional to Zero-till,-0.000212,7.687573,-0.000199,8.100997,-0.000164,7.754451,-0.000133,7.39411597,-0.000122,7.01837998,-0.000107,6.58714298,-0.000231,6.756237,-0.000566,8.256357,-0.000816,9.67463,-0.001081,10.94163099,-0.001338,12.086403,-0.001464,13.141224,-0.001489,13.112495,-0.001521,13.26405899,-0.001577,13.27240197,-0.001581,13.14093098,-0.001564,12.86723495,-0.001495,12.13801798,-0.001379,11.28639299,-0.001284,10.34949399,-0.001137,9.33525498,-0.001085,8.930289,-0.00098,8.10252398,-0.000836,7.165801,-0.000711,6.11363599,-0.000563,4.957246,-0.000505,4.161412,-0.006329,30.84647296,-0.010846,52.36724493,-0.014588,70.63955297,-0.017586,86.07550492,-0.018516,91.28763794,-0.01961,97.60665193
PE,Conventional to Zero-till,-0.109465,543.652155,-0.116884,589.989197,-0.116502,600.617201,-0.115702,609.723576,-0.114642,617.408159,-0.113043,622.329103,-0.117328,655.308431,-0.130083,728.630109,-0.142103,799.90995,-0.153199,868.120646,-0.163472,933.309725,-0.175852,1008.696354,-0.176731,1031.752723,-0.178535,1059.845036,-0.180446,1088.219776,-0.182381,1116.760176,-0.184164,1145.118972,-0.18352,1162.160585,-0.182587,1177.672448,-0.181579,1193.20654,-0.180732,1209.096905,-0.180881,1229.438342,-0.179558,1242.581935,-0.178218,1255.639902,-0.176822,1268.515044,-0.175594,1281.891315,-0.176271,1304.363707,-0.398528,2358.804196,-0.606192,3370.037957,-0.795018,4273.244739,-0.971378,5138.331985,-1.134733,5963.23951,-1.292257,6775.153103
PE,Reduced to Conventional,,,,,,,,,,,,,,,0.000205,0.79712399,0.0004,1.66860399,0.00063,2.59799799,0.000857,3.604048,0.000839,3.604048,0.003721,16.21256797,0.004809,21.21327895,0.00594,26.476217,0.006982,31.72622294,0.008567,39.57635993,0.008116,38.53030594,0.007632,37.36545097,0.007199,36.08252693,0.006679,34.81389094,0.006129,32.59240093,0.005434,29.74223597,0.004737,26.680574,0.004052,23.40749197,0.00332,19.92308198,0.002722,16.60063799,0.002157,13.49819899,0.001677,10.61078699,0.001229,7.93244298,0.00083,5.458611,0.000702,4.62568898,0.000431,2.90843199
PE,Reduced to Conventional,,,,,,,,,,,,,,,0.008305,35.10287599,0.01654,70.91139599,0.024577,106.832002,0.032604,143.655951,0.031691,143.655951,0.083427,371.28743,0.096738,439.266711,0.109647,507.343804,0.121726,572.813806,0.140114,668.673642,0.136431,669.71971,0.1329,670.884535,0.129507,672.167472,0.127079,677.016158,0.126645,690.487609,0.123739,693.337768,0.120893,696.399427,0.118233,699.672525,0.115605,703.156906,0.112933,706.4793979,0.110318,709.581813,0.107782,712.469222,0.105242,715.147577,0.102802,717.6213889,0.10012,718.4543249,0.097576,720.1715799
PE,Reduced to Zero-till,,,,,,,,,,,,,,,,,,,,,,,,,,0.224767,,0.368753,,0.493813,,0.58863699,,0.663787,,0.663916,,0.642182,,0.600349,,0.538841,,0.528259,-0.000119,1.060365,-0.000211,1.466926,-0.000286,1.736361,-0.000335,1.86362899,-0.000354,1.868215,-0.000296,1.532399,-0.000231,1.213801,-0.000168,0.912396,-0.000102,0.628204,-0.000084,0.503614,-0.00004,0.249531
PE,Reduced to Zero-till,,,,,,,,,,,,,,,,,,,,,,,,,-0.001851,9.791355,-0.003399,18.15070099,-0.004811,25.981125,-0.006076,33.251003,-0.007136,39.575428,-0.0074,41.83394999,-0.007606,43.84570099,-0.007766,45.681219,-0.007902,47.35066899,-0.007986,48.77262699,-0.009402,57.257294,-0.010783,65.71461,-0.012126,74.12199198,-0.013447,82.55203699,-0.01467,90.683709,-0.014415,91.019524,-0.014161,91.338139,-0.013914,91.63953,-0.013684,91.923718,-0.013376,92.048327,-0.013131,92.302398
PE,Zero-till to Conventional,,,,,,,,,,,,,,,0.000066,0.41255,0.000129,0.860645,0.000206,1.341358,0.000278,1.855151,0.000275,1.855151,0.000253,1.793183,0.000234,1.730545,0.000216,1.653116,0.000194,1.560529,0.000179,1.452394,0.00016,1.33175,0.000142,1.198997,0.000127,1.054662,0.000112,0.899216,0.000097,0.79713,0.000082,0.686876,0.000067,0.568447,0.000052,0.441836,0.000037,0.307052,0.000022,0.178524,0.000011,0.086389,0.000004,0.027859,,,,,,,,
PE,Zero-till to Conventional,,,,,,,,,,,,,,,0.003759,18.167449,0.007487,36.579353,0.011165,55.158641,0.01481,73.96484499,0.014491,73.96484499,0.01419,74.02680899,0.01389,74.08944999,0.013601,74.16687999,0.013323,74.25947199,0.013041,74.36760399,0.01277,74.48824799,0.012506,74.62100099,0.012257,74.76533899,0.012004,74.92077999,0.011752,75.022866,0.011505,75.133124,0.011263,75.25155,0.011032,75.378163,0.0108,75.512946,0.010575,75.64148,0.010352,75.73361199,0.010139,75.792139,0.009923,75.819997,0.00971,75.819997,0.009497,75.819997,0.009296,75.819997
PE,Zero-till to Reduced,,,,,,,,,,,,,,,0.000067,0.41655,0.000143,0.889152,0.00023,1.38117499,0.000331,1.93089699,0.000364,2.087256,0.00035,2.061184,0.000346,2.035106,0.000339,2.003211,0.000332,1.963505,0.000321,1.917672,0.000314,1.865741,0.000294,1.807726,0.000283,1.74363,0.000267,1.673438,0.000241,1.487834,0.000197,1.307692,0.000156,1.108627,0.000116,0.890312,0.000074,0.652242,0.000033,0.421291,0.000011,0.23644,0.000004,0.110567,,0.037083,,0.013018,,,,
PE,Zero-till to Reduced,,,,,,,,,,,,,,,0.001419,7.45344799,0.002868,15.27085,0.004257,22.918834,0.00568,30.969102,0.006079,33.762746,0.005943,33.788821,0.005819,33.81488899,0.005694,33.84679199,0.005578,33.88649599,0.005445,33.932328,0.005336,33.984256,0.005218,34.04227199,0.005097,34.10637,0.004994,34.17656099,0.004917,34.392173,0.005042,35.78230499,0.00519,37.221367,0.005347,38.73967799,0.005523,40.347752,0.005703,42.01870299,0.005594,42.203554,0.00546,42.329423,0.005333,42.40291299,0.005213,42.426978,0.005087,42.43999599,0.004982,42.43999599
PE,Total,-0.608432,2946.772171,-0.660776,3243.674686,-0.832949,4051.068814,-1.002052,4866.69145,-1.171794,5702.928158,-1.341918,6561.052368,-1.50692,7418.904067,-1.661013,8382.896307,-1.80761,9334.738729,-1.948504,10279.39285,-2.082963,11215.53936,-2.232321,12112.10513,-2.150583,12502.15418,-2.111553,12734.01852,-2.073428,12965.67591,-2.036646,13193.00425,-1.993844,13451.92564,-1.991084,13673.11137,-1.979634,13855.77603,-1.963368,14015.14271,-1.942881,14162.46163,-1.925958,14338.56367,-1.969275,14746.68312,-2.008648,15142.28526,-2.044112,15525.91978,-2.076302,15898.62748,-2.082491,16007.1405,-2.4899,17915.21103,-2.864965,19728.69809,-3.2046,21385.97194,-3.519008,22970.38523,-3.807275,24474.74243,-4.080498,25942.55566
QC,Conventional to Reduced,-0.022517,184.5941598,-0.025281,206.8588347,-0.024886,203.0567057,-0.024579,200.6546898,-0.023894,196.5711728,-0.022822,191.4532008,-0.021649,185.2855368,-0.019394,171.1167508,-0.017919,157.3232688,-0.016246,143.1921058,-0.014794,129.6571478,-0.013266,115.0640469,-0.07731,421.4369726,-0.136416,715.9030125,-0.19308,999.2780253,-0.247154,1273.156408,-0.299108,1539.012862,-0.319873,1686.823511,-0.3317,1778.009712,-0.340634,1852.86446,-0.346734,1909.965737,-0.35109,1965.401602,-0.345539,1967.145787,-0.337441,1951.716304,-0.327227,1920.575533,-0.317796,1883.089581,-0.308165,1836.826851,-0.284512,1719.746631,-0.259263,1583.976953,-0.232547,1430.239861,-0.204168,1257.376149,-0.174792,1073.220142,-0.14818,900.3469835
QC,Conventional to Reduced,-3.324967,20140.26452,-3.651595,22499.56791,-3.694551,23222.90858,-3.762201,24090.70826,-3.839742,25029.43231,-3.918908,25978.2235,-3.992392,26864.10477,-3.918574,26952.78378,-3.837136,26952.89521,-3.757975,26961.08302,-3.675299,26886.649,-3.583532,26759.43494,-6.392605,42403.2813,-9.144724,58134.21309,-11.846317,73975.5774,-14.46176,89692.19261,-16.977006,105066.671,-18.269686,114513.6484,-19.510674,123575.3289,-20.730709,132701.6501,-21.926119,141787.9201,-23.121063,151068.0331,-23.981948,158389.0918,-24.808348,165684.4174,-25.578924,172679.8046,-26.302133,179331.9145,-27.084348,186780.4871,-27.553597,192511.3316,-28.062634,198842.2935,-28.549155,205102.2961,-29.026979,211407.1712,-29.531336,218120.9009,-30.0121,224751.8425
QC,Conventional to Zero-till,-0.017368,48.8152129,-0.020663,59.13963495,-0.022834,62.85428997,-0.024829,66.60807687,-0.024791,67.24784892,-0.023818,66.44450395,-0.02153,64.12434693,-0.016835,56.38647095,-0.015494,52.07263894,-0.014266,47.73971392,-0.013108,43.57858995,-0.012066,39.27367295,-0.065049,137.0076249,-0.110953,223.0915647,-0.151223,298.5770706,-0.189498,366.5244347,-0.211809,409.8784396,-0.261976,516.1082884,-0.29456,585.0441833,-0.326203,646.8108094,-0.352496,695.0363455,-0.375163,752.5636344,-0.342888,706.1622144,-0.312066,658.7546014,-0.28171,610.3525805,-0.252362,561.0644335,-0.224005,510.2199486,-0.197556,460.3040006,-0.171495,407.3561196,-0.145669,351.8847787,-0.12047,293.8540928,-0.095661,236.0705288,-0.077601,194.6488568
QC,Conventional to Zero-till,-1.833687,4516.668513,-2.150939,5332.53062,-2.240857,5691.789516,-2.321495,6032.686157,-2.39537,6355.678295,-2.461741,6664.601051,-2.519661,6958.33449,-2.4701,6979.977038,-2.418475,6997.566653,-2.367047,7014.201374,-2.332241,7053.753994,-2.290592,7081.531139,-5.188444,13808.29343,-7.975089,20463.36589,-10.635573,27002.31965,-13.233165,33518.02015,-15.552453,39653.00287,-18.830523,48328.37648,-21.890827,56705.32667,-24.787991,64901.86958,-27.506904,72872.09181,-30.01022,80355.23955,-29.320392,80487.6432,-28.640502,80608.75037,-27.973236,80716.65824,-27.317285,80813.10304,-26.683102,80920.57145,-26.112011,81137.90374,-25.550651,81347.51811,-24.998005,81494.74042,-24.460266,81649.89882,-23.941896,81816.15681,-23.433486,81993.79079
QC,Reduced to Conventional,,0.00083,,0.000753,0.000008,0.319617,0.000011,0.35597,0.000022,0.407727,0.000037,0.470048,0.000055,0.544499,0.000802,3.240821,0.001649,6.32684598,0.002494,9.49928297,0.003324,12.72230098,0.004396,16.813038,0.003088,12.54109699,0.001794,8.054722,0.000511,3.287746,0.000489,3.212607,0.000473,3.115097,0.000782,4.171929,0.001141,5.386107,0.001527,6.732061,0.00183,7.794529,0.001639,7.087681,0.001632,7.20797998,0.001634,7.23701,0.00156,6.925714,0.001574,6.856006,0.001551,6.71555,0.001359,5.955267,0.00126,5.465073,0.00111,4.78823,0.001003,4.316392,0.001011,4.293454,0.000982,4.27613599
QC,Reduced to Conventional,0.000119,0.749167,0.000111,0.749244,0.005008,24.90037997,0.00636,30.92402797,0.007714,37.10227198,0.009104,43.55995098,0.010447,50.06550298,0.013181,60.82918097,0.015354,70.07315896,0.017461,79.36071598,0.019509,88.37768998,0.021772,98.90695697,0.022285,103.178899,0.02286,107.665278,0.02347,112.4322509,0.022813,112.507381,0.022139,112.524893,0.0222,114.768065,0.022299,117.273886,0.022285,119.407924,0.022175,121.435463,0.021684,122.142308,0.030725,162.7020189,0.038736,199.992987,0.045148,231.5742819,0.051248,263.0639909,0.057104,294.274448,0.057934,305.9047119,0.058132,312.4649139,0.058086,318.0917509,0.056683,308.0235889,0.056899,313.9665359,0.05658,316.9038479
QC,Reduced to Zero-till,-0.000172,0.831838,-0.000172,0.892413,-0.000689,2.973908,-0.001183,4.16218799,-0.00178,5.39416499,-0.002444,6.72248,-0.00309,8.1584,-0.002976,8.090603,-0.002836,7.754637,-0.002666,7.397426,-0.00253,7.03743299,-0.002391,6.677249,-0.002489,7.416924,-0.002585,8.22997498,-0.002712,9.11940797,-0.00274,9.665274,-0.002799,10.12457799,-0.016723,39.75510197,-0.029255,66.23816286,-0.040034,88.43395095,-0.049759,107.6135509,-0.060388,128.4076468,-0.055805,121.2981949,-0.051288,113.9694859,-0.046969,106.5580738,-0.04267,98.96636689,-0.038741,91.65060683,-0.035605,86.78845582,-0.03253,81.41889387,-0.029485,75.37536984,-0.026304,68.69762892,-0.022777,60.7303329,-0.019767,54.56662091
QC,Reduced to Zero-till,-0.023729,75.69286993,-0.027749,85.95265594,-0.068371,208.6593139,-0.093422,267.0424009,-0.116037,320.8245849,-0.136528,370.2431719,-0.156383,417.6187019,-0.153743,421.1439129,-0.150564,422.8474369,-0.147044,423.6961889,-0.143577,424.3744689,-0.140165,425.0543568,-0.147388,467.1812659,-0.155278,510.4957339,-0.162703,553.9595349,-0.171167,600.5477729,-0.17981,645.1964649,-0.479663,1491.901042,-0.745325,2254.677719,-0.983362,2950.325806,-1.204217,3611.967995,-1.414359,4285.332167,-1.386278,4304.394995,-1.358798,4322.785963,-1.331713,4340.343933,-1.305119,4357.920661,-1.278911,4376.356135,-1.29478,4574.877681,-1.307862,4762.422852,-1.319458,4939.941841,-1.326964,5110.180742,-1.32727,5222.685559,-1.35113,5466.572833
QC,Zero-till to Conventional,,,,,0.000007,0.032736,0.000014,0.068863,0.000022,0.11348,0.000037,0.176158,0.000055,0.247343,0.002742,4.2137,0.005869,8.69640798,0.009236,13.46904298,0.012492,18.22589592,0.015817,23.05683396,0.013758,20.91431795,0.011721,18.70130695,0.010161,16.99323796,0.009901,16.79276597,0.009603,16.56664397,0.009324,16.32848597,0.009068,16.07243197,0.008804,15.80063997,0.008502,15.43913695,0.007383,13.73348196,0.006706,13.52556098,0.006011,13.03656496,0.005186,12.08415799,0.004212,10.45801299,0.003123,8.37398699,0.002343,6.58921799,0.001847,5.27722899,0.001501,4.308107,0.001346,3.746718,0.001367,3.626338,0.00131,3.525684
QC,Zero-till to Conventional,0.000004,0.01,0.000004,0.01,0.004213,8.207265,0.008088,16.00113999,0.011872,23.93652399,0.016882,35.15383997,0.022161,47.502648,0.044623,95.03628997,0.065044,137.39359,0.083732,177.00094,0.101322,213.614079,0.116112,245.19316,0.11521,247.335669,0.114361,249.548673,0.113062,251.256754,0.110607,251.457224,0.108238,251.683344,0.105906,251.921507,0.103604,252.177562,0.101348,252.44935,0.099247,252.810847,0.097955,254.516506,0.105851,288.664427,0.112608,318.743427,0.117888,343.895832,0.121413,363.3019739,0.123034,377.806015,0.121525,379.980784,0.119883,381.802758,0.117959,383.0818829,0.11592,384.023278,0.113726,384.433664,0.111459,384.714317
QC,Zero-till to Reduced,,,,,,0.046584,,0.109375,,0.187984,,0.257966,,0.319126,0.005324,11.74311798,0.010652,23.26219495,0.016136,35.12318799,0.021972,47.39820596,0.028419,60.72117191,0.027798,61.57375594,0.027154,62.54310795,0.026655,63.60418295,0.025616,62.85992789,0.02464,61.91775496,0.023393,59.42467295,0.022105,56.73378896,0.020873,53.86276292,0.019618,50.80283595,0.017107,45.68972893,0.018614,49.38411098,0.019779,51.93195793,0.020582,53.41238495,0.023639,57.73085697,0.022938,55.40484795,0.020068,48.88933293,0.017525,43.07592192,0.015483,38.05540192,0.013736,33.69913397,0.012437,30.42727895,0.01202,29.61798895
QC,Zero-till to Reduced,,,,,0.002423,11.143411,0.00532,26.58062299,0.009229,47.662016,0.013112,69.042026,0.016966,90.700873,0.114602,368.2568849,0.205054,634.2178149,0.290983,894.4168059,0.372826,1149.731799,0.452727,1402.928815,0.449845,1436.916235,0.447446,1470.936877,0.445487,1505.775784,0.444499,1545.070062,0.444506,1587.602222,0.434592,1590.82533,0.424898,1594.366206,0.415487,1598.187265,0.406241,1602.37715,0.398663,1608.740247,0.527728,2147.865875,0.65341,2682.448069,0.776831,3214.867627,0.900172,3745.709152,1.009825,4229.885198,1.115204,4675.320727,1.217366,5124.07414,1.320729,5584.584617,1.422176,6050.480874,1.521493,6521.222767,1.614964,6920.762044
QC,Total,-5.222317,24967.62711,-5.876284,28185.70206,-6.040529,29436.89231,-6.207916,30735.90177,-6.372755,32084.55838,-6.527089,33426.3479,-6.665021,34687.00624,-6.400348,35132.81855,-6.138802,35470.42985,-5.885202,35806.17981,-5.650104,36075.12061,-5.402769,36274.65538,-11.241301,59127.0775,-16.899709,81972.74923,-22.372262,104792.181,-27.691559,127452.0066,-32.613386,149357.2962,-37.582247,168614.0528,-42.219226,187006.6354,-46.638609,205188.3947,-50.828616,223035.2555,-54.787852,240606.8877,-54.741594,248645.0862,-54.676265,256613.7842,-54.572584,264237.0529,-54.435107,271493.1786,-54.399697,279488.5721,-54.159628,285913.5921,-53.968422,292897.1464,-53.759451,299727.3884,-53.554287,306571.4686,-53.386799,313787.7343,-53.244949,321021.5686
SK,Conventional to Reduced,-1.812462,12706.47271,-1.711204,12080.83855,-1.437291,10325.63098,-1.154589,8439.16111,-0.879469,6535.611044,-0.56321,4248.585032,-0.240935,1835.082158,-0.144488,1110.335758,-0.088346,687.0061968,-0.07107,559.8612728,-0.064444,512.6389898,-0.058343,469.5454578,-0.049692,404.2249548,-0.042189,346.1565548,-0.035727,295.0566028,-0.025825,213.3153199,-0.018162,148.1386969,-0.01138,90.91290588,-0.008479,67.93311991,-0.006761,54.54762193,-0.005325,43.54806694,-0.005002,41.69081597,-0.004938,41.98160796,-0.003159,27.96303898,-0.002535,22.76246797,-0.00207,18.84888497,-0.001471,13.354765,-0.001113,9.500227,-0.001178,9.89809499,-0.001383,11.60458199,-0.001451,12.87799,-0.001555,14.315256,-0.001585,15.23984798
SK,Conventional to Reduced,-524.780136,3079411.642,-554.552956,3285356.341,-587.605996,3473044.136,-619.125601,3658032.792,-649.270388,3840769.432,-678.144025,4021727.187,-705.741835,4199950.616,-694.142284,4223898.474,-682.738294,4247186.104,-670.948976,4263252.526,-659.286248,4277737.658,-647.256595,4284671.911,-630.13332,4253954.818,-613.18044,4220944.511,-596.694676,4188874.735,-580.395367,4154524.013,-565.28449,4128961.778,-546.350381,4027109.425,-525.623223,3898080.68,-504.428587,3761495.007,-482.422816,3612187.72,-460.756025,3462859.421,-438.48812,3317580.066,-417.048948,3175987.82,-396.468233,3038580.046,-376.583548,2903742.649,-357.34815,2770821.093,-337.512582,2632266.603,-317.811485,2490584.081,-298.345229,2346816.507,-278.831197,2197876.4,-259.73565,2048775.223,-246.985835,1963748.146
SK,Conventional to Zero-till,-1.185871,2997.707921,-1.194388,3009.734139,-1.336121,3286.698186,-1.335039,3251.36509,-1.230168,2994.841399,-0.933886,2277.816942,-0.476087,1168.596235,-0.411375,980.9494767,-0.354501,842.1281627,-0.39058,928.6713707,-0.428341,1024.078783,-0.45108,1086.436728,-0.464395,1124.3301,-0.469529,1144.475777,-0.468934,1152.138978,-0.433438,1073.306507,-0.390926,976.1303236,-0.319808,807.9498907,-0.274103,705.2925707,-0.237327,621.6253267,-0.178833,478.1254668,-0.157811,429.5828748,-0.150738,418.3083359,-0.082889,234.4749258,-0.056707,163.6238968,-0.046786,136.1083759,-0.035147,99.80081093,-0.01878,52.22982893,-0.012257,33.33626995,-0.010344,27.53859097,-0.008917,23.20203697,-0.008078,20.30577294,-0.008318,20.64840998
SK,Conventional to Zero-till,-284.915926,690762.8791,-311.211045,762250.1567,-469.99961,1054781.619,-622.860044,1345003.256,-770.171636,1633200.262,-911.970279,1919301.652,-1048.770379,2203806.339,-1199.937917,2519370.613,-1346.775116,2834586.981,-1488.860857,3148574.827,-1626.70791,3462065.538,-1760.893391,3775664.482,-1854.98813,4038248.891,-1944.367835,4297566.564,-2028.891966,4553133.683,-2109.013989,4805408.157,-2184.126319,5052027.169,-2197.863782,5204001.51,-2191.331915,5300997.121,-2185.110243,5400074.307,-2177.304544,5495759.645,-2168.544123,5589856.817,-2143.367361,5655566.368,-2119.250328,5722072.953,-2096.03381,5789050.414,-2073.724944,5856577.668,-2052.214555,5924564.646,-2021.797532,5963029.281,-1992.308974,6001711.164,-1963.751862,6040682.623,-1936.149136,6080027.35,-1909.531652,6119853.249,-1884.035493,6160539.244
SK,Reduced to Conventional,,,,,0.043484,280.5248708,0.083059,542.8354647,0.121918,805.6334268,0.148871,997.0282018,0.168683,1146.276562,0.138001,962.6237638,0.121413,866.3744888,0.105303,768.4180838,0.091006,678.8111189,0.076478,583.1926159,0.058175,452.9951799,0.042636,338.9217369,0.029718,240.7690619,0.01914,158.0107959,0.010454,87.74792994,0.002941,24.50620898,0.002578,22.14979996,0.002335,20.31394497,0.001774,15.75330799,0.001661,14.31575997,0.001572,13.82238098,0.000233,2.447834,0.000081,0.717275,,,,,,0.073917,,0.142055,,0.209526,,0.277054,,0.344632,0.000004,0.48361
SK,Reduced to Conventional,0.000032,0.25,0.000032,0.25,2.761504,17747.05512,5.5018,35670.46453,8.222443,53777.64658,10.938563,72163.85181,13.657688,90873.24346,13.449075,91087.26624,13.230888,91214.58553,13.016429,91343.83191,12.804175,91463.40888,12.596035,91589.44738,12.389738,91719.6448,12.18451,91833.71827,11.980754,91931.87094,11.778561,92014.50921,11.578267,92084.73208,11.380667,92147.95379,11.179382,92150.31021,10.981878,92152.14608,10.788186,92156.7067,10.597597,92158.14425,10.418673,92214.68764,10.243828,92280.91219,9.973515,91268.18273,9.706249,90233.86002,9.443098,89185.09002,9.503307,89650.55613,9.561164,90113.65799,9.723667,91745.15054,9.88745,93419.47293,10.060974,95181.71538,9.281886,86849.8664
SK,Reduced to Zero-till,-0.000078,0.397274,-0.000309,1.427916,-0.066552,298.7982567,-0.110103,496.2837427,-0.137104,619.3272637,-0.144298,649.9724137,-0.13061,580.1722667,-0.126858,571.1479566,-0.120119,552.3283657,-0.115492,540.4371827,-0.116719,558.8710477,-0.116504,570.2483187,-0.129172,637.6589237,-0.137706,689.1001627,-0.143146,728.5224167,-0.132285,689.1937167,-0.117671,630.9316167,-0.092541,513.0159197,-0.081384,456.1306158,-0.072057,408.5572617,-0.058325,332.4742218,-0.054433,311.0865539,-0.051833,301.0135729,-0.028104,162.4765439,-0.018109,103.3746019,-0.01497,86.69254292,-0.011062,64.33401993,-0.005837,34.61157492,-0.004386,26.00238094,-0.004875,27.13405994,-0.005527,29.23516295,-0.006224,32.17229494,-0.007354,37.50566292
SK,Reduced to Zero-till,-0.020641,53.32775997,-0.02458,68.59872996,-10.607209,56181.14937,-20.957855,112275.5384,-31.140951,168574.2623,-41.146946,225081.9813,-50.999872,281865.9975,-105.042342,487552.034,-157.402864,692391.29,-208.312048,896815.0788,-257.677715,1100545.798,-305.593485,1303695.006,-384.637284,1610038.343,-459.900754,1911538.033,-531.654726,2208694.726,-599.864873,2501185.025,-664.744837,2789577.236,-676.186212,2909190.875,-692.365198,3049920.006,-707.303599,3186080.919,-721.166169,3319090.546,-734.002047,3448769.824,-726.932537,3495648.218,-718.15915,3520830.522,-709.706669,3546584.025,-701.571373,3572875.37,-693.727901,3599737.787,-690.391804,3629197.497,-688.66302,3675212.971,-687.049389,3721562.372,-685.554234,3768281.699,-684.106037,3814402.119,-682.162503,3858672.68
SK,Zero-till to Conventional,,,,,,,,,,,,,,,,,,,,,,,,,,,,,,,,,,,,,,,,,,,,,,,,,,,,,,,0.00041,0.947804,0.000623,1.508463,0.000699,1.69854099,0.000661,1.604177,0.00054,1.293298,0.000459,1.190706
SK,Zero-till to Conventional,,,,,,,0.000011,0.02,0.000029,0.049998,0.00004,0.069996,0.000037,0.069996,0.000037,0.069996,0.000029,0.069995,0.000026,0.069995,0.000026,0.069995,0.000026,0.069993,0.000022,0.069993,0.000018,0.069994,0.000015,0.069993,0.000015,0.069993,0.000015,0.069992,0.027126,41.919989,0.094887,148.120016,0.14136,224.170027,0.182928,294.570013,0.217993,356.730031,0.435447,697.320046,0.63047,1012.320015,0.802993,1300.190035,0.956465,1565.030022,1.098139,1816.500004,2.229592,3989.802173,3.343533,6198.141512,4.439536,8440.611411,5.546519,10771.51579,6.72773,13329.89667,7.872899,15944.94938
SK,Zero-till to Reduced,,,,,,,,,,,,,,,,,,,,,,,,,,,,,,,,,,,,,,,,,,,,,0.000008,0.078904,0.000011,0.150874,0.000011,0.21725,0.000015,0.278343,,0.159112,0.000133,0.900433,0.000283,1.964587,0.00042,2.88495599,0.000485,3.61963,0.000561,4.337447,0.000684,4.91331999
SK,Zero-till to Reduced,,,,,,,,,,,,,,,0.256744,1508.39,0.458594,2866.389994,0.647336,4170.819995,0.824151,5426.170004,1.002372,6726.889999,0.981863,6726.889994,0.961852,6726.889997,0.942217,6726.889998,0.92303,6726.889998,0.904214,6726.889994,4.67301,16739.00995,9.301987,29396.10995,13.645277,41547.69003,17.760905,53376.11005,21.613012,64752.10994,22.479678,68476.28109,23.318092,72175.16929,24.131595,75851.9127,24.916184,79501.07172,25.665244,83093.85108,27.236276,91521.52977,28.641099,98633.70551,30.00149,105670.8552,31.33467,112687.8704,32.637869,119648.7227,33.933084,126509.6067
SK,Total,-812.715082,3785932.676,-868.69445,4062767.347,-1068.247791,4615945.612,-1259.958361,5163711.716,-1444.485326,5707277.065,-1621.81517,6246448.145,-1792.53331,6781226.392,-1985.961407,7327041.904,-2173.668316,7871193.257,-2354.929929,8406954.541,-2530.562019,8940013.043,-2700.694487,9465057.23,-2856.972195,10003307.87,-3004.909437,10531128.44,-3144.936471,11051778.46,-3277.145031,11561992.49,-3402.189455,12071220.82,-3404.74036,12250667.08,-3389.105468,12371943.85,-3372.387724,12482679.28,-3352.402219,12573735.2,-3331.089178,12659549.72,-3275.660149,12630958.15,-3220.379944,12584787.21,-3167.377868,12542925.47,-3116.364778,12504737.58,-3067.131805,12469396.62,-3010.75793,12409753.53,-2957.254598,12362526.57,-2904.99727,12314989.19,-2853.780677,12263135.12,-2803.961522,12211263.69,-2762.112072,12212344.47
